added_at,id,name,artist,acousticness,danceability,duration_ms,energy,instrumentalness,key,liveness,loudness,mode,speechiness,tempo,valence
2019-04-23T14:47:52Z,47bBPpX4pnfZh99kxDu1B1,Filo d'erba,Fabrizio Moro,0.0886,0.546,194827,0.583,0,3,0.133,-6.062,1,0.0369,139.865,0.416
2019-04-23T14:47:46Z,6Of7NcvsTNsHLW585eyoma,Bohémienne,Hélène Ségara,0.655,0.337,319960,0.48,5.15e-05,2,0.698,-10.687,0,0.0355,123.786,0.339
2019-04-23T14:47:36Z,6ZO4Q5p7P30qMC97bWJvfY,Tant Qu'On Rêve Encore,Le Roi Soleil,0.199,0.463,281973,0.45,0,11,0.164,-9.231,1,0.0256,147.851,0.203
2019-04-23T14:47:28Z,7HSXqosyTxDPKYziZ4ctzp,Encore Du Temps,Victoria Petrosillo,0.148,0.47,251560,0.501,5.53e-06,4,0.115,-8.833,0,0.028,79.986,0.277
2019-04-23T14:47:22Z,4JL4Bl3iFjwQ7f7N0zqBi3,Qu'Avons Nous Fait De Vous?,Victoria Petrosillo,0.463,0.538,279200,0.533,3.16e-06,8,0.116,-7.82,0,0.0264,106.055,0.253
2019-04-23T14:47:14Z,3VHrwffnUZFb7FidvPV3OA,Kill This Love,BLACKPINK,0.32,0.738,189052,0.861,0.00175,2,0.325,-4.141,1,0.237,131.974,0.58
2019-04-17T21:11:52Z,5YIZT1A2NZGwlOOu7gK79N,Andrà tutto bene,Levante,0.0428,0.61,227543,0.619,0.00103,3,0.224,-6.104,1,0.0535,129.885,0.255
2019-04-11T21:17:28Z,4GSjFSK1SM78wPTVbsSB0S,The Reckoning,Within Temptation,0.00356,0.31,251107,0.825,0,1,0.641,-4.53,1,0.0563,89.885,0.475
2019-04-07T13:44:34Z,54Sfi5x76ITYShTrjBnJkW,Hell Or High Water,Passenger,0.00182,0.338,220468,0.721,2.03e-05,4,0.349,-5.735,0,0.0587,80.774,0.381
2019-04-07T12:46:16Z,0Es6eMldAFrmVs0QCOlIay,Muhammad Ali,Marco Mengoni,0.0577,0.672,187387,0.83,0,4,0.137,-5.429,0,0.0643,99.977,0.47
2019-04-06T21:45:50Z,7iPlcFvOMOzt6v0QvcAueZ,I Always Wanna Die (Sometimes),The 1975,0.00499,0.368,314663,0.511,0.000728,4,0.117,-5.477,1,0.0329,149.243,0.0504
2019-04-06T00:13:21Z,4nwusqtyElVVJqDod87v8C,Sto tysiecy jednakowych miast,Coma,0.482,0.587,403507,0.682,0.0113,1,0.105,-5.211,1,0.0404,130.008,0.357
2019-04-06T00:11:39Z,24kXwnMOucjqg4GAssQLks,Perseidy,Smolik,0.246,0.532,283542,0.527,0,11,0.982,-11.591,0,0.251,73.921,0.168
2019-04-06T00:07:04Z,4eTLBXcO0q4KRqubdLNYQc,Dziś późno pójdę spać,Kwiat Jabłoni,0.888,0.573,224209,0.378,0.000219,2,0.0736,-10.286,0,0.0426,145.978,0.358
2019-04-06T00:04:26Z,7KXirs6fb0RDI8Q4DK6naY,Dobry moment,Kortez,0.852,0.624,251540,0.535,0.0377,5,0.118,-9.635,1,0.0297,119.966,0.29
2019-04-06T00:03:28Z,3KeqxSAY5a57hmnX2PN0P0,Mokotow,Lilly Hates Roses,0.578,0.616,185707,0.648,0.00819,7,0.134,-7.884,1,0.0367,139.94,0.699
2019-04-04T23:40:23Z,0Apx4ZsigEtDk6E6yjhk0K,Il capolavoro,Ultimo,0.186,0.658,178640,0.487,0,10,0.101,-8.679,1,0.0916,135.975,0.2
2019-04-04T23:26:44Z,0PEDypUUIAOgGQRVh3Ts2l,Il vaso,Ultimo,0.403,0.725,252833,0.438,1.82e-06,4,0.0947,-7.695,0,0.0731,141.868,0.237
2019-04-04T23:18:34Z,3qbMJGhSNdeKdz407PA6x4,Peter Pan - Vuoi volare con me?,Ultimo,0.318,0.606,226542,0.424,0,2,0.0888,-6.668,1,0.0405,139.797,0.245
2019-04-04T22:44:43Z,40SslAHt15Duy4uldwXNAm,Se Piovesse Il Tuo Nome - con Calcutta,Elisa,0.676,0.561,194519,0.461,0,1,0.323,-5.001,0,0.0512,82.13,0.342
2019-04-04T19:59:18Z,6LRMKsCuWA4l8DTJAaJ3Li,Styropian,Xxanaxx,0.172,0.767,209299,0.417,0.00518,7,0.103,-8.63,0,0.0859,93.505,0.341
2019-04-01T19:32:14Z,7D9uRi395bsjGiLyBI0fhO,Wolne dni,Fisz Emade Tworzywo,0.0374,0.608,271491,0.786,0.00541,11,0.0804,-5.361,0,0.0459,161.979,0.907
2019-03-31T09:03:20Z,022k1qYIMWV20yW7tjiBv5,Play God,Sam Fender,0.131,0.7,226967,0.677,0.0491,10,0.121,-7.206,0,0.0458,94.388,0.614
2019-03-30T22:31:02Z,0m5qYuMY1POw0feNFlb9Ml,Dov'è l'Italia,Motta,0.126,0.527,178385,0.839,0,9,0.378,-4.68,0,0.0805,107.696,0.421
2019-03-29T23:10:58Z,1yJrmX8ZtDiQ0HZ8NL3uPl,Dwa ognie,Fisz Emade Tworzywo,0.175,0.708,352508,0.743,0.00612,4,0.441,-6.027,1,0.0269,103.022,0.507
2019-03-27T07:59:15Z,2GlKvfLhiiqKNX5lor8TK4,Tarantino,Julia Marcell,0.264,0.746,280093,0.676,2.51e-05,10,0.187,-7.989,0,0.067,90.014,0.654
2019-03-23T00:21:03Z,4bi6tBXKgwVO0qZDLOV35k,Un domani RMX,Annalisa,0.19,0.682,184667,0.919,0,11,0.133,-5.528,0,0.214,135.114,0.641
2019-03-23T00:15:17Z,4EgbHp5PzNWwWBBZMPPtai,Je vous trouve un charme fou - En duo avec Gaëtan Roussel,Hoshi,0.622,0.614,171107,0.599,7.69e-06,1,0.348,-8.715,1,0.254,86.976,0.627
2019-03-22T23:58:40Z,4vk2zvKk95mnDvPfsPRrkz,Longtemps,Amir,0.683,0.606,219000,0.456,0,8,0.115,-8.442,1,0.0573,98.96,0.563
2019-03-22T23:57:06Z,7ixCRBD0FZMRBeOBhTu2KD,La grenade,Clara Luciani,0.138,0.724,194493,0.697,0.000717,11,0.126,-6.594,0,0.0539,130.014,0.961
2019-03-22T23:53:41Z,31hrzu2Lv1iV1WzKKS90gI,Midi sur novembre,Louane,0.285,0.896,184227,0.636,3.93e-05,9,0.235,-5.175,0,0.0537,100.98,0.427
2019-03-22T14:00:59Z,5itOtNx0WxtJmi1TQ3RuRd,Giant (with Rag'n'Bone Man),Calvin Harris,0.016,0.807,229184,0.887,0.000503,1,0.0811,-4.311,0,0.0361,122.015,0.606
2019-03-08T07:49:50Z,1Rn0B4zeGbcttEct0N1XpP,Hej Hej!,Daria Zawiałow,0.0113,0.641,225880,0.663,0.000268,7,0.126,-5.953,0,0.0354,137.968,0.571
2019-03-01T23:04:58Z,5GjGs4VemQDxf9ezVFhT19,Fateme Cantà,Ultimo,0.6,0.543,251141,0.417,0,5,0.0904,-8.527,1,0.0354,136.208,0.195
2019-02-15T09:30:44Z,2XWjPtKdi5sucFYtVav07d,365,Zedd,0.339,0.745,181900,0.693,0,2,0.123,-5.479,0,0.034,98.039,0.248
2019-02-14T12:35:48Z,4mGdjNMo0RonTlOEb7cYg4,11 Minutes (with Halsey feat. Travis Barker),YUNGBLUD,0.0116,0.464,239507,0.852,0,11,0.108,-3.804,1,0.067,160.075,0.233
2019-02-10T16:34:29Z,1OvoC77TS6iKJecRCaq0hN,La ragazza con il cuore di latta,Irama,0.279,0.612,222101,0.687,0,0,0.209,-7.093,1,0.182,99.939,0.305
2019-02-10T00:34:47Z,31WtgRazL0iXCyy4AQ6qMt,L'ultimo ostacolo,Paola Turci,0.00786,0.554,206766,0.654,0,11,0.141,-4.946,1,0.0294,87.974,0.286
2019-02-10T00:34:16Z,2dxky69jKzbtUfA3Hl8Nuo,Soldi,Mahmood,0.0404,0.69,195476,0.581,0,3,0.111,-9.832,0,0.0466,94.904,0.372
2019-02-09T18:06:22Z,2Ig3npEMsgVAN2NtRuSyh5,Argentovivo (feat. Rancore & Manuel Agnelli),Daniele Silvestri,0.223,0.408,256570,0.939,0,8,0.147,-5.762,1,0.151,172.141,0.761
2019-02-09T00:35:37Z,4hWQaCHO3k3bTYi8AozKTE,Grande amore,Il Volo,0.0586,0.466,224947,0.617,9.2e-05,1,0.147,-5.853,1,0.029,142.121,0.177
2019-02-09T00:29:16Z,4bC3PgzOLeqOfluhN3nMpf,Musica che resta,Il Volo,0.13,0.329,196601,0.796,0,2,0.156,-3.429,0,0.0538,143.988,0.381
2019-02-08T23:20:28Z,6vOwecYEnP0CWPONFQHrhu,Parole nuove,Einar,0.0243,0.534,198787,0.715,0,11,0.168,-6.466,1,0.0369,101.0,0.545
2019-02-08T22:25:22Z,6RWZRCGxKAT5IFe2IFAB9S,Coldest Water,Walking On Cars,0.0926,0.525,211947,0.781,0,11,0.279,-4.092,0,0.0393,101.963,0.469
2019-02-08T18:15:28Z,47DKI4RxI8ZW0sBqDenMhO,Woman,Mumford & Sons,0.662,0.592,274553,0.555,0.452,1,0.111,-10.499,0,0.0381,156.957,0.142
2019-02-08T11:01:29Z,4kV4N9D1iKVxx1KLvtTpjS,"break up with your girlfriend, i'm bored",Ariana Grande,0.0421,0.726,190440,0.554,0,5,0.106,-5.29,0,0.0917,169.999,0.335
2019-02-08T00:09:49Z,524euygKKFWurhvIdSrkg6,I Tuoi Particolari,Ultimo,0.632,0.659,219939,0.588,0,0,0.124,-5.682,1,0.063,135.884,0.297
2019-02-06T09:44:59Z,76mOCqi8m7sYjCPa43CEaS,Mi drogherò,Irama,0.101,0.79,155773,0.849,2.71e-06,10,0.441,-5.442,0,0.0373,110.015,0.741
2019-02-02T18:29:45Z,2cTOee6bTauDFK1QuDS1BD,What Else Is There ?,Röyksopp,0.185,0.704,317173,0.927,0.108,9,0.325,-7.157,1,0.0437,114.995,0.342
2019-02-01T22:16:04Z,2MgLCEye9usoGypOy65pe7,Mississippi w ogniu,Organek,0.0176,0.489,286267,0.673,0.203,11,0.0948,-9.834,0,0.0335,136.028,0.264
2019-01-31T21:24:04Z,0bxbFEIHWZ2E6QyVwsEnzh,Bang Bang,Warhaus,0.0352,0.686,256983,0.537,0.053,3,0.067,-8.141,0,0.0274,105.961,0.259
2019-01-31T21:01:42Z,0hY007HjzikzpSzalfroVI,Mad World,Warhaus,0.0645,0.677,219251,0.539,0.174,6,0.433,-8.144,0,0.0378,97.983,0.77
2019-01-31T16:05:07Z,1gnKUue6F9gXXHQshCBwEs,"Survive (feat. Emeli Sandé, Gucci Mane)",Don Diablo,0.714,0.585,189427,0.772,6.97e-06,10,0.113,-6.619,0,0.196,99.565,0.364
2019-01-30T21:54:26Z,359HNzfOXhCMHB1pNKhyfH,Paris,Sabrina Carpenter,0.0482,0.576,218080,0.671,0,2,0.114,-6.408,0,0.0474,114.839,0.226
2019-01-28T01:43:41Z,6PUYqQtGWVAovZrLC9BIqt,Babylon,5 Seconds of Summer,0.00155,0.521,213186,0.884,1.69e-06,4,0.209,-2.931,0,0.0403,92.988,0.494
2019-01-24T23:23:35Z,5600nq7TiBraBX2jobyJ3l,"Swan Song (From the Motion Picture ""Alita: Battle Angel"")",Dua Lipa,0.00579,0.588,182075,0.821,0.000275,5,0.208,-6.54,0,0.216,188.098,0.509
2019-01-24T23:20:55Z,013TFRzJWkT41RRSgSenfI,i don't know what to say,Bring Me The Horizon,0.0154,0.499,352375,0.728,0.0982,7,0.246,-6.744,0,0.055,92.449,0.239
2019-01-24T23:11:36Z,3Ddgh4ZwVIkLx0f4WeDFmo,sugar honey ice & tea,Bring Me The Horizon,0.000243,0.431,261560,0.914,0.0096,0,0.502,-4.243,0,0.0616,147.108,0.534
2019-01-24T23:03:13Z,5kpi9iFQP70u12O1xSa18C,Fuckthenoia (feat. Annalisa),Fedez,0.157,0.624,162453,0.787,0,11,0.328,-5.508,0,0.0893,91.026,0.417
2019-01-21T22:00:56Z,4glBRF3uJCf3bTG4hhIhpn,Chłopaki nie płaczą,Bedoes,0.285,0.487,211800,0.519,1.41e-06,9,0.0973,-11.125,0,0.255,190.075,0.242
2019-01-20T21:07:37Z,2cFNOGmLYBeoMu10gAb16F,Hand In Hand,Walking On Cars,0.103,0.486,228163,0.821,0.0062,6,0.0706,-5.13,1,0.0295,142.053,0.274
2019-01-20T20:59:20Z,05lRxW4fQT0BJwkC9LvIb3,Love Backs Down,Walking On Cars,0.0234,0.569,241387,0.57,0,4,0.0859,-5.258,0,0.0271,139.989,0.265
2019-01-16T19:09:57Z,7BOFPHYn3P6KiDZfPy9np5,Monster,Walking On Cars,0.0729,0.588,184767,0.707,0,10,0.105,-3.203,0,0.0328,87.991,0.364
2019-01-12T10:59:02Z,58irqlvWofzSBKsvE3HSvF,Neony,Smolik,0.00809,0.576,265956,0.694,0,8,0.866,-9.216,1,0.0733,114.877,0.167
2019-01-11T18:31:10Z,4EZhkTdGDdlLoHI6NsYSX5,Holding out for You (feat. Zara Larsson),Fedez,0.137,0.7,181747,0.711,0.00278,6,0.134,-6.292,0,0.0747,109.936,0.767
2019-01-11T18:26:40Z,6Qs4SXO9dwPj5GKvVOv8Ki,Dancing With A Stranger (with Normani),Sam Smith,0.45,0.741,171030,0.52,1.97e-06,8,0.222,-7.513,1,0.0656,102.998,0.347
2019-01-10T23:16:15Z,0zL76omZWytdTtyXKVfuDw,Homemade Dynamite,Lorde,0.287,0.771,189796,0.431,2.75e-06,10,0.0934,-5.423,1,0.0577,107.047,0.268
2019-01-09T23:25:27Z,7e1q4Q6ac7bZTXha7lzG5j,Specchio,Annalisa,0.0925,0.718,218013,0.523,0,6,0.375,-5.756,0,0.0407,119.981,0.194
2019-01-08T18:41:17Z,03CbQgFxnBFoaaVJTfEqMD,medicine,Bring Me The Horizon,0.00393,0.615,227265,0.858,0,0,0.0789,-3.3,1,0.0396,97.038,0.323
2019-01-05T00:39:28Z,3Ddp26y9i4gM0hvbvhq4kB,Where Did It Go?,Asking Alexandria,0.00535,0.493,193892,0.946,0,3,0.16,-4.009,0,0.238,140.094,0.211
2019-01-04T15:25:27Z,7GeC7Nb58zsPnlFSfF0HZU,Che cazzo ridi (feat. Trippie Redd),Fedez,0.0102,0.312,216368,0.704,0,1,0.198,-4.596,1,0.0503,149.653,0.544
2019-01-01T12:34:46Z,3msEg5smG9jEnPWbVRpwR0,The Night Last Night,Mark Ronson,0.164,0.668,264800,0.811,1.3e-05,0,0.215,-6.163,0,0.0534,124.272,0.538
2019-01-01T00:30:13Z,7dt6x5M1jzdTEt8oCbisTK,Better Now,Post Malone,0.354,0.68,231267,0.563,0,10,0.136,-5.843,1,0.0454,145.028,0.374
2018-12-29T16:07:43Z,5zsHmE2gO3RefVsPyw2e3T,What's Up Danger (with Black Caviar),Blackway,0.00363,0.701,222307,0.755,0.000795,2,0.121,-5.82,1,0.0417,95.036,0.116
2018-12-28T23:58:55Z,6RvRzl1YJTDnUvdOtV21IK,Wonderland,Taylor Swift,0.0438,0.42,245560,0.694,2e-05,8,0.19,-5.407,1,0.0504,183.883,0.204
2018-12-28T23:45:15Z,2KrOAg6FftbjgSKdd2a4rS,You Are In Love,Taylor Swift,0.707,0.575,267107,0.462,4.25e-05,2,0.0898,-8.958,1,0.0353,84.994,0.324
2018-12-24T16:37:33Z,3Dm3GCDQW7SaKhe6P2tyz3,Tsunami Blond,Taco Hemingway,0.429,0.906,176373,0.447,0,11,0.113,-9.413,0,0.225,120.032,0.575
2018-12-23T19:03:30Z,6S4vdF9ENvX8WN8PvJ6soA,"Heartless - Recorded At RAK Studios, London",Dermot Kennedy,0.226,0.444,224148,0.535,0,9,0.212,-7.051,1,0.055,88.033,0.158
2018-12-23T18:55:29Z,154J7EMKDUOVwD2hWGDNHU,Young & Free,Dermot Kennedy,0.0845,0.487,266766,0.63,0,8,0.109,-6.053,1,0.0432,153.131,0.156
2018-12-23T18:41:59Z,0OGNtqKkjI7FCE9HZ4Khgo,Power Over Me,Dermot Kennedy,0.0519,0.42,206960,0.843,0,9,0.106,-4.231,0,0.121,173.827,0.491
2018-12-20T11:29:03Z,0gP2wIzhyjlsxjidUekcqb,Modigliani,Taco Hemingway,0.439,0.722,230080,0.539,0,5,0.401,-8.615,0,0.111,142.978,0.212
2018-12-15T18:22:00Z,2olR8ajJu6H0B3KYW7QMP7,Lontano,Francesca Michielin,0.00963,0.646,186040,0.786,1.25e-05,11,0.141,-5.923,0,0.065,167.932,0.576
2018-12-14T21:39:08Z,04aQmJ2Bvd7gb65Af9ZNzC,Just Dance,Lady Gaga,0.026,0.823,241933,0.74,5.09e-05,1,0.181,-4.545,0,0.0313,118.993,0.734
2018-12-12T23:15:06Z,27rdGxbavYJeBphck5MZAF,Nothing Breaks Like a Heart (feat. Miley Cyrus),Mark Ronson,0.00987,0.601,217467,0.794,1.36e-06,7,0.388,-5.844,0,0.0671,114.066,0.244
2018-12-10T11:03:20Z,4IDfVjI1TlB1UwlC01T4Bm,Decode - Twilight Soundtrack Version,Paramore,0.000705,0.282,261960,0.866,0.0055,10,0.101,-4.223,0,0.0588,163.987,0.277
2018-12-08T17:13:44Z,2hygc41DOo6dGocHEk6Jx1,Nero Bali,Elodie,0.017,0.638,183773,0.836,0,6,0.286,-5.756,0,0.0362,116.045,0.629
2018-12-08T13:33:52Z,1LBTZd2woeUSScyOqIFk8e,tutte le serie,GENTE,0.426,0.661,156750,0.821,0,9,0.148,-3.818,0,0.241,104.795,0.897
2018-12-01T01:27:17Z,4SDdeq8HUaKPUGiE4WMASH,Outside,Kartky,0.243,0.664,226909,0.664,0.000235,1,0.304,-7.94,0,0.254,104.942,0.386
2018-11-30T16:03:43Z,0xJUvgy78MDt6avGKpmOm3,Nagano 98,Kartky,0.162,0.75,180147,0.81,0,9,0.14,-7.043,0,0.161,120.033,0.541
2018-11-30T10:47:07Z,1hZxka9RAHlUsx2gJv9aRA,Mleko & miód,TACONAFIDE,0.737,0.749,207264,0.737,9.74e-05,8,0.102,-8.739,0,0.352,163.953,0.242
2018-11-29T15:02:09Z,5ihgFEYhrIxeGOBXW9T3bE,Wiosna,Organek,0.00332,0.384,202400,0.888,0.000364,11,0.151,-7.671,0,0.114,170.948,0.704
2018-11-29T14:18:30Z,0deQGmACWh8wZffIKGGhrg,Cicho - ciepło - jasno,BOWNIK,0.236,0.622,213861,0.607,0.000815,11,0.261,-8.071,0,0.0295,100.99,0.665
2018-11-27T22:57:35Z,1LPGwuFgIzbJoShfDdw7MY,Youth,Glass Animals,0.129,0.648,230693,0.718,0.00156,9,0.112,-7.765,0,0.0298,96.017,0.785
2018-11-27T22:14:14Z,6RumeAtSyiFZonidmi9eZM,Miłość Miłość,Krzysztof Zalewski,0.192,0.507,225667,0.543,1.61e-06,4,0.111,-8.272,0,0.0493,78.838,0.307
2018-11-27T09:25:43Z,1WjSgz6ntFIhRWJORVPbio,Nie Ma Fal,Dawid Podsiadło,0.0229,0.559,238107,0.727,0,5,0.118,-6.323,0,0.0301,163.001,0.726
2018-11-27T07:01:38Z,5w7mZbq88gwBHdcWQkRJQd,Dziki Brzeg,Flirtini,0.268,0.826,186836,0.274,0,4,0.113,-11.523,0,0.0633,118.047,0.24
2018-11-25T20:26:54Z,003eoIwxETJujVWmNFMoZy,Growing Pains,Alessia Cara,0.0822,0.353,193680,0.755,0,1,0.39,-6.276,0,0.733,191.153,0.437
2018-11-25T14:05:54Z,3FwWzOCkDwhu1RWTz3CSxJ,Nie Kłami,Dawid Podsiadło,0.667,0.646,195667,0.346,0,6,0.114,-9.352,0,0.0297,135.94,0.203
2018-11-25T10:24:04Z,2La7zH38lJ7MOkPZyMXgn8,Only You,Cheat Codes,0.0854,0.629,189440,0.742,0,4,0.0966,-4.774,0,0.115,108.033,0.252
2018-11-25T10:24:03Z,3QKI38J8BZcTTF1HusbUKh,Woman's World,Little Mix,0.144,0.456,217747,0.671,0,4,0.121,-5.159,0,0.0567,163.828,0.164
2018-11-25T10:09:50Z,1sDEgABSIKjzWccOBgCikW,Powiedz Mi To W Twarz,Zuza Jabłońska,0.139,0.865,182245,0.545,0,1,0.103,-4.721,1,0.0591,100.025,0.806
2018-11-24T12:30:20Z,2u8KG85xyQTLuVP0m0Nqw7,Who Wants To Live Forever - Remastered 2011,Queen,0.544,0.182,295333,0.388,0.00134,4,0.114,-8.672,0,0.0324,139.276,0.0392
2018-11-24T09:09:01Z,5YdOLbbkbi4vrTd8CpeGJy,La fine del mondo,Anastasio,0.0165,0.683,183000,0.622,0,1,0.12,-5.895,0,0.175,159.946,0.328
2018-11-21T07:59:57Z,7tn9bAqvyOmTbA7YX2pi6o,Hi-Fi (Live),Piotr Rogucki,0.00743,0.647,269185,0.83,0,7,0.845,-6.555,1,0.0539,130.042,0.779
2018-11-20T06:53:47Z,6wJuYUtLbMQXcHft2gJO44,Szare miraże - Live,Męskie Granie Orkiestra 2018,0.00229,0.34,291253,0.927,8.41e-05,2,0.76,-7.26,1,0.108,183.402,0.295
2018-11-19T21:28:24Z,02KTjn606I4sknms553gIs,Ostatni - Live,Męskie Granie Orkiestra 2018,0.445,0.267,335536,0.241,0.162,6,0.95,-12.349,0,0.0336,113.944,0.128
2018-11-19T21:26:06Z,1CNoaARzkfSLpdAyku0PM9,Granda - Live,Męskie Granie Orkiestra 2018,0.00132,0.58,247938,0.809,0.000119,11,0.713,-6.353,0,0.0518,132.04,0.408
2018-11-19T21:24:17Z,0rZqjXnmdDQMHY9mAgxkQ0,Peron - Live,Męskie Granie Orkiestra 2018,0.0134,0.369,255536,0.706,0.00103,9,0.821,-8.003,0,0.0436,132.5,0.269
2018-11-18T11:24:02Z,5yFi22xR77stmM6Xshg7IH,Love a Girl Right,Little Mix,0.0214,0.624,182880,0.669,0,2,0.103,-5.011,0,0.0892,99.959,0.502
2018-11-18T11:23:57Z,2D3QYCDI7WrbSMbcIRRBdm,American Boy,Little Mix,0.114,0.632,191893,0.862,0,9,0.226,-4.218,0,0.0954,77.024,0.783
2018-11-16T22:54:44Z,7KfHeaOXXwaUZAYHIRgWIi,More Than Words (feat. Kamille),Little Mix,0.143,0.619,198840,0.565,0,9,0.109,-5.706,0,0.0602,134.515,0.336
2018-11-16T21:06:07Z,6XkEw1h2Hq4fGnSm0JuSIs,Strip (feat. Sharaya J),Little Mix,0.0729,0.677,199213,0.542,0,11,0.213,-7.01,0,0.341,123.751,0.46
2018-11-16T15:29:34Z,4bMrguhtW5l31SNXd5IdSK,In the End,Tommee Profitt,0.308,0.526,234716,0.671,4.07e-05,7,0.0869,-7.445,0,0.0968,88.033,0.102
2018-11-16T08:16:34Z,7tNmq5RWQmwYVll8iPfPBV,FEMME,Francesca Michielin,0.00358,0.77,203587,0.701,0.00811,4,0.112,-8.603,0,0.104,111.998,0.762
2018-11-15T22:32:08Z,2XUp7qu4yHbC5diVS7tmfo,Nie Pierwszy Raz - feat. Kuban,Smolasty,0.0172,0.677,166737,0.669,0,11,0.086,-6.031,0,0.0406,94.997,0.397
2018-11-13T20:19:15Z,16geeCnXrbiomV1IZ8Kudc,"Back to Life - from ""Bumblebee""",Hailee Steinfeld,0.0127,0.638,233858,0.659,0,10,0.187,-6.215,0,0.0627,103.029,0.341
2018-11-13T20:17:53Z,55S2PQgSMYAhgoTCcGCDfw,Youngblood,5 Seconds of Summer,0.0169,0.596,203418,0.854,0,7,0.124,-5.114,0,0.463,120.274,0.152
2018-11-12T11:15:33Z,2CdCs9y04oDuYCF4ewNzI7,Fiji,Taco Hemingway,0.197,0.774,242560,0.813,0.00233,5,0.122,-5.569,0,0.122,104.996,0.351
2018-11-09T19:34:41Z,18zllfjrozYQTau1RDQ0jf,Nie muszę,Julia Wieniawa,0.00252,0.683,250868,0.619,1.38e-05,0,0.115,-6.166,1,0.0388,121.013,0.414
2018-11-08T13:47:55Z,39VigLq155fsriPYNfHIBc,Hej wy,Kortez,0.804,0.367,245535,0.418,0.044,3,0.121,-10.036,0,0.0498,94.997,0.156
2018-11-07T08:17:26Z,3ewKQAIFCLDk0mbhV0HjWE,Your Bones,Of Monsters and Men,0.000429,0.393,249200,0.725,1.16e-06,2,0.246,-6.16,0,0.052,116.547,0.327
2018-11-04T13:30:52Z,74iZuPGwyL33VlTr6jTnab,Always Remember Us This Way,Lady Gaga,0.299,0.553,210200,0.502,0,0,0.764,-5.972,1,0.0409,129.976,0.296
2018-11-04T10:27:01Z,2rPE9A1vEgShuZxxzR2tZH,"thank u, next",Ariana Grande,0.28,0.724,207333,0.647,0,1,0.102,-5.642,1,0.0658,106.96,0.435
2018-11-03T22:40:57Z,5DfwIch71bZeCIe19iUtvc,Shhh… (I'm Not Gonna Lose It),Ankor,0.011,0.607,220607,0.922,5.71e-05,8,0.185,-3.767,1,0.0679,90.013,0.492
2018-11-03T18:50:09Z,6AYs0tPiSYKh18DIwqBLQY,rockstar,Sofia Karlberg,0.728,0.563,213530,0.548,3.61e-05,9,0.089,-7.114,0,0.0279,129.934,0.324
2018-11-01T23:39:37Z,2QApyk4ji8K7tYOf7LZa9b,Joan of Arc,Little Mix,0.00211,0.814,191760,0.627,0.00124,8,0.0607,-3.294,1,0.0499,100.019,0.603
2018-11-01T15:17:48Z,7aHUol3Vz9xHm4Yot2dSKi,Sucker Punch,Sigrid,0.00153,0.638,194323,0.642,4.07e-06,7,0.0826,-4.422,1,0.0639,165.984,0.676
2018-11-01T10:22:32Z,0u2P5u6lvoDfwTYjAADbn4,lovely (with Khalid),Billie Eilish,0.934,0.351,200186,0.296,0,4,0.095,-10.109,0,0.0333,115.284,0.12
2018-10-29T14:25:42Z,3haxUceS8i97BLoB7WH3Mj,Over My Head,Echosmith,0.0968,0.656,208233,0.723,0,11,0.343,-4.975,0,0.0262,105.049,0.904
2018-10-29T09:42:55Z,3D0VYdEWg5x0OTWzlFK57E,Portrait I,The Howl & The Hum,0.303,0.678,257719,0.568,0.000365,7,0.0794,-6.913,1,0.0566,89.993,0.54
2018-10-29T09:41:20Z,0KEpMAqRKpUwv55RWeen66,Comme une reine,Madame Monsieur,0.00984,0.821,229453,0.493,0.0003,4,0.258,-5.49,0,0.0307,116.994,0.367
2018-10-26T19:54:43Z,1ABG6ke9SdUK9YayVafbcX,Le parole lontane,Måneskin,0.397,0.635,204933,0.573,0,2,0.133,-4.114,0,0.0279,125.946,0.403
2018-10-25T06:51:21Z,7d5fKiPSs51kKrFzQJZt6v,Precious,Guano Apes,0.000549,0.595,226987,0.717,0.17,7,0.347,-10.199,0,0.0273,112.027,0.549
2018-10-22T20:29:50Z,5ckUvSqW1Oaucm19P6VmIK,Downtown,Allie X,0.171,0.64,237165,0.511,0.000434,6,0.102,-7.653,1,0.0331,95.972,0.12
2018-10-22T11:54:10Z,4u50l1toYgIkqH5cDIBIZD,Więcej,Rosalie.,0.00617,0.619,164000,0.679,0.105,3,0.1,-7.046,0,0.0385,129.948,0.785
2018-10-22T11:52:22Z,1kq5dLuzkRLgemasnkUg9G,wonderful life (feat. Dani Filth),Bring Me The Horizon,0.000416,0.406,274403,0.964,0.000231,6,0.401,-4.076,1,0.206,173.058,0.406
2018-10-19T19:21:54Z,35UvOH0tRlSCdtWtaXuiWh,Najnowszy Klip,Dawid Podsiadło,0.0661,0.719,229667,0.673,1.34e-06,8,0.135,-8.083,1,0.0343,94.008,0.345
2018-10-19T06:27:19Z,6hRumL1qKeQXroT8pZSJfc,Voglio,Marco Mengoni,0.0122,0.672,199428,0.888,7.09e-05,4,0.142,-3.967,0,0.0481,103.032,0.695
2018-10-18T22:33:07Z,0h69cnBUjM51StfH6ak3UR,Human,Aquilo,0.586,0.331,237561,0.469,0.00912,9,0.0693,-10.085,1,0.0373,66.964,0.065
2018-10-14T20:12:34Z,54mmNQuu88AV37SuKghPeQ,Sono come sono,Fabrizio Moro,0.0178,0.576,184747,0.814,2.14e-06,9,0.176,-6.917,0,0.0537,120.037,0.567
2018-10-14T20:11:29Z,2ZCV5O3BNJ0yWeWIaV9eOT,Alessandra sarà sempre più bella,Fabrizio Moro,0.00232,0.521,279053,0.801,0,0,0.464,-5.652,1,0.0352,130.044,0.807
2018-10-14T17:15:37Z,2TVVXlOqianxo3AbYe45mn,One With the Wind,GentleBeatz,0.393,0.689,133399,0.469,0.877,0,0.112,-11.43,0,0.0391,130.182,0.146
2018-10-10T15:38:27Z,1S4Xvvzn0WDEWvZlCTsMko,Klepsydra,PlanBe,0.206,0.63,171021,0.662,0.00245,8,0.217,-7.622,1,0.0405,115.997,0.392
2018-10-07T21:04:02Z,7MTHsEJEs90xjl6qdEwwYD,Giro d’Italia,TACONAFIDE,0.302,0.622,179533,0.735,0,1,0.107,-7.102,1,0.142,161.88,0.47
2018-10-07T21:02:27Z,4K7r5ProKq1WZCF1N07bbA,Benevento,TACONAFIDE,0.332,0.805,182293,0.592,2.47e-06,2,0.103,-9.134,1,0.154,116.045,0.0669
2018-10-07T20:59:59Z,2Vyozp98VPM1YzzJAE7xMk,Un Altro Giorno Sulla Terra,Dolcenera,0.0798,0.562,235028,0.934,5.48e-06,7,0.107,-6.54,0,0.0889,129.03,0.675
2018-10-05T19:02:37Z,05mAIVLkIWc2d1UBYZBCp8,1999,Charli XCX,0.0227,0.739,189000,0.742,1.39e-06,7,0.229,-4.586,1,0.0329,124.016,0.659
2018-10-04T20:11:50Z,6FJN9EiWE5Fh20WYrHfB5N,Boys & Girls,will.i.am,0.35,0.898,241160,0.745,0.00268,11,0.092,-6.552,0,0.0516,108.02,0.636
2018-10-03T22:08:07Z,3TyQyQwoTOLEtWWrluHdcR,Jestem Toba,Varius Manx,0.028,0.539,264947,0.901,0.000114,9,0.0674,-7.63,0,0.041,109.491,0.504
2018-10-03T06:58:12Z,5lK18Pt33xNudq4qYDxIm8,Shallow,Lady Gaga,0.382,0.568,215733,0.401,0,7,0.262,-6.341,1,0.0297,95.796,0.296
2018-10-01T20:06:20Z,7dV2UrZQ58Mn18u0V19S3Y,Torna a casa,Måneskin,0.443,0.568,230540,0.642,0,1,0.131,-3.189,0,0.0651,155.984,0.46
2018-09-30T18:11:24Z,7mleu2G3htjOGwl4Iuj2vg,Nuit pourpre,Louane,0.733,0.635,239653,0.469,4.29e-05,11,0.116,-6.645,1,0.0404,143.973,0.221
2018-09-30T18:09:29Z,0EMh8hhdCrwsutn7YfRdU8,Midi sur novembre,Louane,0.316,0.841,199133,0.666,4.88e-05,9,0.103,-5.776,0,0.0412,100.994,0.816
2018-09-28T21:21:02Z,2hnxrRNzF74mdDzpQZQukQ,There's No Way (feat. Julia Michaels),Lauv,0.49,0.755,174861,0.625,0,2,0.157,-7.114,1,0.0896,147.02,0.374
2018-09-26T22:36:15Z,23qa4Zh6BFUlkR8Bz7sDMO,Sinner,Deaf Havana,0.0269,0.553,207010,0.924,0,3,0.808,-3.024,1,0.117,104.028,0.537
2018-09-22T19:07:22Z,5N5k9nd479b1xpDZ4usjrg,Promises (with Sam Smith),Calvin Harris,0.0119,0.781,213309,0.768,4.91e-06,11,0.325,-5.991,1,0.0394,123.07,0.486
2018-09-21T17:17:26Z,4OafepJy2teCjYJbvFE60J,breathin,Ariana Grande,0.0211,0.568,198160,0.656,1.37e-05,8,0.213,-5.413,1,0.0433,100.049,0.364
2018-09-18T09:31:48Z,4UAW2gObi5o6sJla0qZpPn,Mariners Apartment Complex,Lana Del Rey,0.795,0.528,246421,0.284,0.000303,9,0.109,-11.487,1,0.0287,76.012,0.172
2018-09-09T21:30:50Z,79esEXlqqmq0GPz0xQSZTV,Lost In Japan,Shawn Mendes,0.255,0.713,201200,0.738,0,10,0.106,-6.784,1,0.374,105.027,0.425
2018-09-09T21:28:19Z,35cr60GvlqBVchNX7fBqyo,Peach,Broods,0.00856,0.687,255397,0.74,4.39e-05,5,0.259,-4.829,1,0.0403,111.01,0.243
2018-09-07T15:12:00Z,5fK0Q3j2iUcQtiRDXlPW0K,Want To,Dua Lipa,0.0788,0.572,211818,0.691,0.000132,8,0.0619,-4.783,0,0.123,92.082,0.318
2018-09-04T09:44:30Z,6QgjcU0zLnzq5OrUoSZ3OK,Feel It Still,Portugal. The Man,0.0417,0.801,163253,0.795,0.000113,1,0.0717,-5.115,0,0.0504,79.028,0.754
2018-09-03T23:04:45Z,4SNtyKNyYJ8ERT7YLlnFBr,So Young,Portugal. The Man,0.348,0.671,246480,0.445,5.93e-05,4,0.155,-7.842,0,0.0291,75.996,0.811
2018-09-01T10:24:59Z,7dRj3sTBYkNbEx5kdNHriv,MANTRA,Bring Me The Horizon,0.000477,0.502,233298,0.817,0,0,0.153,-3.508,1,0.0447,90.024,0.617
2018-08-31T20:52:36Z,4gOGptaP8SWbSLRpI18AOO,Lie,Halsey,0.131,0.361,149106,0.468,9.78e-06,0,0.175,-5.276,0,0.0343,150.572,0.04
2018-08-31T19:18:35Z,7FBzYjbBeg9DTW3avYow4d,Chiave,Ultimo,0.502,0.61,239239,0.767,0,7,0.111,-6.538,0,0.47,80.554,0.159
2018-08-31T18:56:33Z,7D6IhvBc8lf9o11h0f2tTs,WDWGILY,SYML,0.72,0.629,217844,0.422,0.000885,9,0.0989,-8.246,0,0.0395,73.993,0.187
2018-08-30T22:00:27Z,5Nqm4oYBZ8ldrRbvTsKCZg,When I'm With Him,Empress Of,0.301,0.779,193947,0.846,9.05e-06,1,0.0624,-5.68,1,0.0345,116.01,0.757
2018-08-30T21:52:22Z,6GLmGfALwjzCaOiHwgfU7g,Ti dedico il silenzio,Ultimo,0.175,0.661,234250,0.443,0,8,0.177,-9.303,1,0.0688,80.0,0.147
2018-08-30T20:15:01Z,1DkX0AcEDzuFeh4TEAl143,GRRRLS,AViVA,0.0351,0.549,228904,0.656,1.19e-06,3,0.129,-6.515,1,0.0438,180.043,0.594
2018-08-28T22:18:09Z,4qCgKKXa3CF6CzEDLW6vTt,Secrets,P!nk,0.00816,0.716,210093,0.62,3.29e-06,9,0.0718,-5.586,0,0.0438,119.908,0.458
2018-08-28T21:58:33Z,0FoR0PrLkw6t64waJX3qT5,Wszystko czego dziś chcę (z serialu Rojst na Showmax),Brodka,0.000356,0.629,359404,0.84,0.057,10,0.666,-7.991,0,0.0267,93.99,0.367
2018-08-25T18:30:47Z,5Dg2h1wsm7ZijCo0yLmbvR,Hurricane,Halsey,0.00823,0.586,223082,0.83,0.0028,0,0.348,-5.375,1,0.0416,120.017,0.486
2018-08-25T12:22:57Z,5zPCrJ8VIm9UKRVovQ1s5X,Roman Holiday,Halsey,0.0322,0.431,201549,0.836,2.34e-05,5,0.105,-4.428,1,0.0395,74.473,0.75
2018-08-21T21:43:55Z,4xDwCYhobDehSBGUmd5H6Y,FEEL NOTHING,The Plot In You,0.00353,0.448,216827,0.825,0,4,0.108,-5.307,0,0.0621,144.17,0.226
2018-08-19T16:52:59Z,4rUBzkJl3xFHslcpdrAOHZ,Skupienie,Daria Zawiałow,0.0035,0.445,253613,0.698,0.000404,0,0.109,-5.543,0,0.0311,109.794,0.299
2018-08-19T10:17:53Z,60eOMEt3WNVX1m1jmApmnX,Live In The Moment,Portugal. The Man,0.002,0.546,246787,0.583,0.173,6,0.115,-7.317,0,0.0348,128.017,0.235
2018-08-19T10:17:22Z,2ROcseVT4UMn71RIC8fM29,4 AM in Girona,Taco Hemingway,0.148,0.745,188707,0.606,5.85e-06,5,0.714,-9.252,0,0.0639,107.028,0.294
2018-08-19T10:17:21Z,5PoFppTTSK8D2y7z4bZPjH,Adieu,Taco Hemingway,0.235,0.756,286987,0.707,0,1,0.746,-6.689,1,0.209,100.002,0.518
2018-08-19T10:17:17Z,1RgUcHLTLSMiNG941CYzQL,Café Belga,Taco Hemingway,0.46,0.67,249653,0.607,1.83e-06,8,0.384,-7.606,1,0.164,174.017,0.246
2018-08-18T19:14:05Z,4hGfCx6yuhMZ7BscUSRc4H,Lwy,Daria Zawiałow,0.002,0.202,217307,0.886,0.00386,6,0.0767,-4.378,0,0.0792,182.584,0.29
2018-08-18T19:14:04Z,2tU2ytB0VrKL23gGfYYZlM,Miłostki,Daria Zawiałow,0.0679,0.482,204440,0.623,0.00036,4,0.173,-7.789,0,0.0381,153.932,0.117
2018-08-13T12:11:52Z,13pPMF0wN7r19IU8vV2igc,E Fumo Ancora - Acoustic Version,Mostro,0.834,0.485,233858,0.564,0,0,0.0956,-10.308,0,0.438,183.519,0.282
2018-08-13T11:59:31Z,2sMZ5S9oVCUhJiH1fiK57z,Same Soul - Radio Edit,PVRIS,0.0194,0.541,203660,0.845,0.00318,0,0.162,-5.148,1,0.0411,94.977,0.337
2018-08-12T16:55:14Z,65l39KSS8sYEUVhr2xf5Dy,Finiremo per volerci bene,Marco Carta,0.0168,0.544,230894,0.7,0,8,0.124,-5.873,1,0.0355,133.913,0.297
2018-08-09T22:14:44Z,17azg5DKoHeUEXN4u8aaQh,Phoenix,Kill J,0.142,0.679,206560,0.441,0.00015,7,0.103,-8.284,1,0.0448,85.012,0.0963
2018-08-09T21:56:03Z,6J6Lky7BjTKWah4oFGXotw,What Still Remains,Oyinda,0.154,0.552,250586,0.506,0.0412,11,0.0763,-6.918,1,0.0563,80.15,0.195
2018-08-05T00:14:52Z,14IYWd46RNIl5lqGBvrZ1l,Bones,Young Guns,9.36e-06,0.396,193813,0.954,0.329,6,0.146,-3.124,0,0.061,157.0,0.462
2018-08-05T00:05:42Z,2trrlzGuZN0jNzXoPIkEUW,Daylight,Young Guns,0.00273,0.418,211693,0.942,0.000172,1,0.134,-4.408,1,0.0617,101.523,0.224
2018-08-04T23:09:21Z,6QuyeVbqBT9uV5qxx131VO,Luciolla,Maanam,0.109,0.723,259027,0.549,0.00898,11,0.0753,-8.263,0,0.0931,115.837,0.861
2018-08-04T21:45:50Z,3gWAs8QdPO6kEyp1ur6cz3,Rising Up,Young Guns,0.0123,0.436,205680,0.947,0,2,0.344,-3.873,0,0.0665,152.02,0.43
2018-08-04T21:41:39Z,1YyVkKfFpGEiBnGesRSHA6,Speaking In Tongues,Young Guns,2.77e-05,0.504,281640,0.935,0,9,0.0593,-3.141,1,0.0459,108.987,0.426
2018-08-04T20:54:51Z,4T0j2hnkoMOCeqmKD0ix8p,3AM,You Me At Six,0.00366,0.61,214824,0.807,0.000226,6,0.158,-6.186,1,0.0397,112.046,0.772
2018-07-27T17:33:16Z,6N6fGhFsmi9OW3yXVI43QN,I Don't Dance (Without You) [feat. Konshens],Matoma,0.0064,0.644,177825,0.733,7.73e-05,9,0.507,-6.87,0,0.121,104.99,0.336
2018-07-21T09:55:43Z,3NkZ6DpmPCqBQlYSIZbEOA,Anja,Taco Hemingway,0.619,0.674,189240,0.598,0,9,0.349,-7.125,0,0.249,147.923,0.689
2018-07-20T10:20:50Z,1NB2fxYsMUOZQYoJ4PW719,Italodisco,Taco Hemingway,0.419,0.833,175787,0.605,0,9,0.372,-6.602,0,0.265,94.987,0.459
2018-07-20T09:27:29Z,6vsV4D8BM6PioRr1UOx0n2,you should see me in a crown,Billie Eilish,0.479,0.697,180567,0.552,0.127,1,0.147,-10.271,0,0.196,75.235,0.278
2018-07-18T12:13:16Z,67YYFJ1aK7ODh5lN07WcVd,Del tempo che passa la felicità,Motta,0.00745,0.545,249753,0.725,0.131,1,0.619,-6.301,0,0.0307,106.079,0.348
2018-07-15T20:36:22Z,3ZSiGHNkkWgFInQqPEP0xb,Faccio Quello Che Voglio,Fabio Rovazzi,0.169,0.899,200656,0.485,0.000235,1,0.0843,-12.466,0,0.0966,122.033,0.618
2018-07-14T21:26:12Z,48A8IJh1Ggc8wfWwzG5yrk,Wszystko Na Niby,Taco Hemingway,0.41,0.66,258187,0.534,0,8,0.494,-9.774,1,0.224,78.006,0.537
2018-07-12T22:06:09Z,0kF9dFTuO9G2IpcDcPMKxQ,ZTM,Taco Hemingway,0.369,0.816,279947,0.56,0,10,0.474,-7.602,0,0.178,139.022,0.632
2018-07-12T22:03:44Z,6cQnrSlTxhHCCiUpKrs7g3,Jumpsuit,Twenty One Pilots,0.00781,0.619,238568,0.628,0.207,11,0.206,-8.307,0,0.038,127.065,0.232
2018-07-06T18:06:24Z,7eNBLwtKKGPAIBtVAlXbR8,Chissà dove sarai,Motta,0.53,0.608,184347,0.684,0.35,7,0.141,-6.753,1,0.0353,110.117,0.579
2018-07-06T18:00:38Z,5wP23JAYOxjiw81TzXv96S,La nostra ultima canzone,Motta,0.356,0.602,182960,0.752,0,8,0.543,-3.625,1,0.0457,99.951,0.604
2018-07-06T17:54:24Z,7iyhPEsF6Ea83e3eR87UjY,Felicità puttana,Thegiornalisti,0.00763,0.692,219807,0.856,1.89e-05,0,0.305,-4.816,1,0.127,93.975,0.686
2018-07-06T11:04:28Z,0ZNsz4YT7wJv0XbcnKqZNF,Dreamer,Sunrise Avenue,0.00069,0.526,201244,0.831,0,8,0.373,-5.384,0,0.0716,135.05,0.444
2018-07-02T20:48:19Z,476N9HBMOOVp6b30fCYVdu,Nadzy na mróz,Happysad,0.448,0.53,325997,0.701,0.901,1,0.12,-9.697,0,0.0294,148.185,0.316
2018-06-30T21:38:22Z,0ILIuCVbnekvEFpQCWhP8a,Dancer in the Dark,Chase Atlantic,0.00769,0.586,252187,0.746,0,1,0.14,-6.609,0,0.0533,104.91,0.446
2018-06-25T21:57:03Z,0nlyO7lNTOYB0gjDp7NI7H,Hands Up (feat. DNCE),Merk & Kremont,0.115,0.755,165785,0.725,0,4,0.16,-2.877,0,0.0673,107.996,0.558
2018-06-19T18:02:35Z,3wxGj3rKpBbdUs9gEAVHYk,Alien,Louane,0.0028,0.567,220800,0.428,3.56e-06,3,0.105,-9.333,0,0.0322,118.014,0.172
2018-06-18T19:39:32Z,21YpG95Pj77Vj6zjZwpxZb,Meet Me on the Equinox,Death Cab for Cutie,0.144,0.488,224663,0.887,0.574,7,0.155,-6.313,0,0.0454,135.003,0.477
2018-06-16T22:53:44Z,5mAxA6Q1SIym6dPNiFLUyd,All Night,Steve Aoki,0.0724,0.545,205333,0.865,4.79e-06,6,0.919,-2.601,0,0.0522,89.992,0.332
2018-06-16T22:46:52Z,7BPd2BMl1OI9oXzoJfGUj9,like that,Bea Miller,0.197,0.692,185547,0.463,0,6,0.492,-5.802,0,0.049,62.006,0.332
2018-06-09T21:20:33Z,4IvrkoR37dDGk2aCqbhywm,Ghosts,Mike Shinoda,0.0134,0.679,174573,0.834,0.00291,7,0.194,-5.984,1,0.0738,103.053,0.388
2018-06-09T17:40:49Z,4pzE97EZMDxnqO88y3YxAm,Małomiasteczkowy,Dawid Podsiadło,0.0332,0.578,203668,0.865,0,6,0.565,-6.947,0,0.0485,167.963,0.434
2018-06-07T21:11:11Z,64B3Am1ncIKdPdWCyoBgnc,Rap n'roll,J-AX,0.0331,0.387,217093,0.876,0,7,0.683,-5.634,1,0.0836,170.983,0.759
2018-06-05T19:02:12Z,0ptaq4BSl6jrXfGyLzJjYE,Italiana,J-AX,0.0302,0.686,174173,0.744,0,5,0.0486,-7.122,0,0.111,121.839,0.637
2018-06-05T07:54:58Z,21YnmkSDhUkmkkni22Svc4,In My Blood,Shawn Mendes,0.0582,0.622,211360,0.709,0,5,0.126,-7.32,1,0.0669,140.018,0.488
2018-06-04T21:56:49Z,4bgOA2aFZTu0FOoj415ese,In Italia,Fabri Fibra,0.135,0.541,209987,0.836,0,10,0.389,-5.728,0,0.335,163.87,0.764
2018-06-04T09:01:09Z,0yfzxwsf9cG6pUsbOTbP6h,Anxious,Maurice Amour,0.52,0.496,192917,0.365,0.0445,8,0.117,-10.467,0,0.029,160.113,0.342
2018-06-01T21:21:54Z,0gbBzIqrECJOEPvQJIBFs5,Green Light,Lorde,0.0162,0.616,234653,0.714,1.23e-05,9,0.0817,-7.792,1,0.0982,128.924,0.24
2018-06-01T11:08:20Z,3S0tLcziKcsRrDddsoOtaf,Produkcja,Miuosh,0.716,0.725,227648,0.875,0.000376,9,0.138,-6.5,1,0.217,95.999,0.59
2018-05-27T19:10:21Z,0lPOnIjOz973ZA5VZvd9sR,Miłość Miłość,Krzysztof Zalewski,0.192,0.507,225667,0.543,1.61e-06,4,0.111,-8.272,0,0.0493,78.838,0.307
2018-05-27T12:52:06Z,6jNqxmC4X9yiQi0X3HIXsf,Wasted On Each Other,James Bay,0.226,0.613,238400,0.788,1.27e-06,6,0.05,-3.279,0,0.0375,96.034,0.444
2018-05-25T19:07:23Z,5lsofAMbPIoqeX1lRemh9L,Nothing Else Matters,Tulia,0.648,0.564,288827,0.429,0,4,0.106,-5.196,0,0.0313,143.781,0.179
2018-05-25T18:56:45Z,6rs0ZFFGnu6W9kURQZKByF,Kiedy Powiem Sobie Dość,Tulia,0.548,0.475,320120,0.564,0.000178,1,0.127,-4.951,1,0.0288,80.0,0.264
2018-05-25T18:53:34Z,2SK46iVigYkd6bTQmlSOdE,Nie Pytaj O Polskę,Tulia,0.438,0.4,243600,0.644,1.56e-05,1,0.0865,-4.278,1,0.0467,124.914,0.113
2018-05-25T18:46:42Z,4IZCgVqKWgO28i2h8JbdWN,Enjoy The Silence,Tulia,0.0601,0.568,267160,0.575,0.000412,8,0.0754,-4.004,1,0.0241,99.974,0.0962
2018-05-25T18:25:48Z,2djdCbLj1pzRmrDNe7PkW2,High Hopes,Panic! At The Disco,0.193,0.579,190947,0.904,0,5,0.064,-2.729,1,0.0618,82.014,0.681
2018-05-25T18:15:09Z,6TfeSFGbqxGjIKuKLQOsKC,Początek,Męskie Granie Orkiestra 2018,0.0628,0.771,236013,0.703,0,8,0.0847,-6.299,0,0.0423,110.001,0.954
2018-05-21T20:04:46Z,01fhXfOABs7Xd8FeWSE3An,W spodniach czy sukience,Ania Dabrowska,0.353,0.761,317733,0.718,0.0674,4,0.11,-10.251,0,0.0396,115.962,0.518
2018-05-16T15:15:22Z,5J99IEiKCd1aloAw1Gl1Ua,Vanità,Giorgia,0.028,0.586,182213,0.628,0,10,0.405,-4.553,0,0.0318,116.03,0.28
2018-05-15T21:40:16Z,3i7ZfEJKnh8HaP2fYrNVUK,Flesh & Blood,Ed Prosek,0.23,0.377,240000,0.402,0,10,0.113,-6.997,0,0.0369,77.08,0.0904
2018-05-15T18:57:11Z,4L9B8q83u86gZ9cpBYltkw,Whispers,Vancouver Sleep Clinic,0.148,0.526,227933,0.692,0.0204,5,0.112,-9.513,0,0.0448,104.015,0.0712
2018-05-13T09:06:30Z,6vGLWavGUuAs9vpZyprUl0,Mall,Eugent Bushpepa,0.0106,0.322,190491,0.807,0,4,0.168,-4.468,1,0.0368,189.743,0.493
2018-05-13T09:06:23Z,1SI3Ukzq9vbi6d50pnczCN,Non mi avete fatto niente - ESC Version,Ermal Meta,0.336,0.573,182046,0.88,0,6,0.159,-4.91,1,0.046,90.018,0.762
2018-05-13T09:06:13Z,0a4eEfoZEYCXte9Zk1r7YG,Under the Ladder,MÉLOVIN,0.0026,0.565,180439,0.753,3.4e-05,10,0.117,-6.225,0,0.0399,139.936,0.485
2018-05-13T09:06:10Z,0s3P5PImfDZYWIseR3b39D,Dance You Off,Benjamin Ingrosso,0.104,0.73,182134,0.692,5.42e-06,8,0.106,-5.432,1,0.0695,109.08,0.76
2018-05-13T09:05:56Z,3O16L4wZlh8yoQxVAqO0HF,Higher Ground,Rasmussen,0.0246,0.47,183184,0.849,0,11,0.129,-5.168,0,0.0448,82.012,0.42
2018-05-12T15:28:00Z,4Xry1LRtOLdzFPFBfTISMU,Bones - Studio Version,Equinox,0.137,0.479,179659,0.662,2.73e-05,6,0.111,-6.955,0,0.048,87.954,0.49
2018-05-10T20:41:19Z,6OuxT3FPHvfoJ0zAypjCdE,O Jardim,Cláudia Pascoal,0.843,0.503,158417,0.314,8.34e-06,10,0.275,-10.411,1,0.0361,120.422,0.0967
2018-05-10T20:04:00Z,5hC0zQNulh7R4R8pM6gCJ9,Viszlát nyár (Eurovision Song Contest 2018),AWS,3.42e-05,0.345,178175,0.937,0,3,0.133,-3.517,0,0.0583,164.023,0.427
2018-05-07T22:56:43Z,6bfvkJSPlEHrGCBx4GwgnI,Contra,Talos,0.661,0.507,225667,0.457,0.0822,7,0.0712,-11.398,0,0.0319,95.07,0.183
2018-05-07T22:46:40Z,6mORGLOz79w6VsCRLWYYuK,The Night We Met,Lord Huron,0.969,0.443,208212,0.369,0.277,9,0.638,-9.514,1,0.0441,174.107,0.0989
2018-05-05T10:25:45Z,2776nsJOmk3psqGSocg6lK,A Matter of Time,Sennek,0.118,0.664,179999,0.587,0,0,0.2,-6.221,0,0.0289,87.986,0.586
2018-05-04T16:42:49Z,5x64ouh42NBJHgKSE2M8cq,Battaglia navale,Lorenzo Fragola,0.185,0.67,200520,0.687,0,7,0.132,-6.851,0,0.0378,135.086,0.338
2018-04-29T15:43:48Z,74nQqyzeJFV9vdEBCU9KLo,Kings,The Sleep Design,0.109,0.403,235915,0.567,0.931,0,0.0603,-8.211,1,0.0302,148.017,0.079
2018-04-28T19:08:58Z,6hEcxnY0KTHB2aESOVOLUM,Leonardo,TACONAFIDE,0.426,0.684,174933,0.626,3.33e-05,6,0.0813,-10.647,0,0.3,95.565,0.53
2018-04-22T19:20:20Z,1BncfTJAWxrsxyT9culBrj,Experience,Ludovico Einaudi,0.934,0.447,315427,0.449,0.961,2,0.0697,-10.634,1,0.0376,92.468,0.036
2018-04-20T14:24:39Z,4VSrTlLWl6jmNHnfa7vWtG,L'eternità (Il mio quartiere),Fabrizio Moro,0.255,0.534,226660,0.71,0,0,0.124,-6.063,1,0.0344,79.874,0.199
2018-04-15T20:40:23Z,0FZeswxyqpEE42q9hNn2zY,Nóż,TACONAFIDE,0.238,0.576,205254,0.723,8.13e-06,2,0.348,-7.477,1,0.268,148.09,0.556
2018-04-15T20:40:22Z,6VfGN9E3V4VVOlbtt0VbgN,8 kobiet,TACONAFIDE,0.422,0.71,199093,0.602,0,8,0.121,-7.697,1,0.0623,139.989,0.322
2018-04-15T20:40:10Z,4RbgDsTgaPKt8Rph92CuGs,La mia versione dei ricordi,Francesco Gabbani,0.105,0.585,205107,0.774,0,10,0.0904,-2.97,1,0.039,120.066,0.403
2018-04-13T07:06:13Z,04Reou3HoLagPd6fjjoY1H,PIN,TACONAFIDE,0.476,0.63,215840,0.842,0,10,0.102,-6.165,0,0.199,169.954,0.425
2018-04-11T20:17:39Z,7JtouDUxZi2MoHDWNmvXpA,Le mie mille me,Levante,0.00228,0.581,173960,0.955,2.09e-06,4,0.113,-3.238,1,0.0357,139.894,0.676
2018-04-10T17:03:43Z,1CnunVg2j4clRxr2RWGvvP,Kryptowaluty,TACONAFIDE,0.305,0.782,274501,0.654,0,1,0.095,-6.42,1,0.281,130.097,0.56
2018-04-04T14:26:25Z,4nwWregLYkgfB3FyryTAJj,Metallica 808,TACONAFIDE,0.183,0.621,187971,0.789,0,2,0.269,-6.28,1,0.235,169.985,0.327
2018-04-03T21:15:24Z,3y4XDPC483QOp1KoHOHTk7,Alonso,Francesca Michielin,0.915,0.749,177813,0.311,0,7,0.0905,-6.111,1,0.035,105.21,0.239
2018-04-03T21:06:45Z,2sgyFHDeT1l5Qp5CukMHNp,Comunicare,Francesca Michielin,0.0545,0.661,261347,0.897,0.000126,1,0.804,-5.157,1,0.199,169.962,0.531
2018-04-03T12:10:53Z,4ykkHvzEE45AlcUq6vkVW6,D'improvviso,Lorenzo Fragola,0.653,0.587,209400,0.616,0,8,0.0976,-6.578,1,0.0388,129.769,0.326
2018-04-03T11:59:44Z,0TRqqwkNZaJ6aJ6277kbbu,Bolivia,Francesca Michielin,0.0907,0.608,216027,0.745,6.42e-05,11,0.198,-5.083,1,0.072,78.95,0.209
2018-03-31T16:36:38Z,3weNRklVDqb4Rr5MhKBR3D,Nuvole Bianche,Ludovico Einaudi,0.961,0.191,357707,0.0582,0.89,8,0.0939,-25.398,1,0.0577,132.617,0.0453
2018-03-27T16:55:59Z,7thZmbZsacBYSOJpUD6NQQ,Kokosanki,Natalia Nykiel,0.000668,0.63,224160,0.827,0.000361,11,0.319,-6.128,0,0.0391,132.037,0.375
2018-03-23T16:20:54Z,4xrEh1vjIExp4CYrjEy6ke,Tamagotchi,TACONAFIDE,0.353,0.762,199999,0.743,0,2,0.184,-6.183,0,0.193,111.976,0.36
2018-03-23T09:50:09Z,0dLToDou8YHYJpQltj3Ijy,Cupido (feat. Quavo),Sfera Ebbasta,0.0622,0.803,210107,0.695,0,4,0.105,-5.164,0,0.0413,119.978,0.458
2018-03-23T07:41:46Z,13ye38zfYLV4XYDLn303W4,La felicità,Fabrizio Moro,0.0235,0.475,208307,0.717,0,11,0.108,-4.821,1,0.0293,101.809,0.19
2018-03-20T06:52:45Z,1jPq4fRnYTxV16zN5reZqX,Talking to Myself,Mountains of the Moon,0.936,0.409,224362,0.0223,0.000218,6,0.198,-19.973,1,0.039,61.289,0.254
2018-03-20T06:52:27Z,6S1yPfFlwEm02G0VN9Dfft,Let It In,Dream on Dreamer,0.0148,0.502,258496,0.948,0.000289,8,0.133,-4.174,0,0.118,110.054,0.226
2018-03-19T23:52:33Z,6LCOYohwRg25oPz4mMKLV5,Ne Doren Tende,La Fame Di Camilla,0.0135,0.243,258320,0.615,0.543,5,0.127,-6.987,1,0.032,134.791,0.166
2018-03-17T17:38:38Z,5IapkCl4Hi7NsK0qsDmeiS,Art-B,TACONAFIDE,0.208,0.783,199007,0.803,0,7,0.177,-5.926,1,0.27,111.958,0.486
2018-03-14T17:41:37Z,6QG5XsPIE8aCdEWuBh6F9G,Quello Di Cui Non Parli Mai,La Fame Di Camilla,0.0024,0.457,206747,0.827,0,4,0.355,-4.72,0,0.0459,139.984,0.457
2018-03-14T17:37:14Z,6pdoQKotJkEgdTc934HNmv,Pensieri E Forme,La Fame Di Camilla,0.147,0.48,262800,0.463,1.09e-05,9,0.0951,-7.003,1,0.0263,143.981,0.212
2018-03-14T17:24:01Z,4pyWOJUROm0wOkTkRdpjE1,Come Il Sole A Mezzanotte,La Fame Di Camilla,0.107,0.353,238680,0.568,5.73e-06,11,0.0805,-5.238,0,0.0441,130.067,0.13
2018-03-11T19:38:33Z,4FwaJmXeZxr1096KItcUQq,Minimum,Charlie Cunningham,0.729,0.492,194907,0.841,0.00027,0,0.101,-9.181,0,0.0904,177.869,0.313
2018-03-08T20:13:52Z,02dOPq1HwY61f6VrMMoQRz,Pace,Fabrizio Moro,0.126,0.504,245067,0.561,0,0,0.104,-5.522,1,0.0285,135.988,0.273
2018-03-08T20:07:03Z,2StpubzPlWrUjA1w8oBS2g,La strada,Francesco Gabbani,0.00363,0.393,206667,0.752,0,1,0.067,-5.955,0,0.0718,180.005,0.261
2018-03-08T19:46:38Z,1xbuFJ3Mo7dlveSPx5wEkH,Prevedibili,Francesco Gabbani,0.00189,0.395,182697,0.833,8.14e-06,7,0.047,-5.333,1,0.0926,178.115,0.437
2018-03-07T22:20:49Z,4XLsbz8G82sC5Py5Scuoo9,Le luci di Roma,Ermal Meta,0.417,0.334,222933,0.556,2.33e-06,6,0.102,-5.715,1,0.0372,131.307,0.348
2018-03-07T22:20:46Z,4SUpoND0KK6QwOXLaeMAoT,9 primavere,Ermal Meta,0.0817,0.398,226347,0.521,0,1,0.111,-7.221,0,0.0914,147.88,0.285
2018-03-07T22:20:44Z,4CjZPBBzvwopkZSAjz600P,Mi salvi chi può,Ermal Meta,0.0792,0.528,352667,0.417,0.0162,1,0.0863,-7.834,0,0.0342,123.927,0.0796
2018-03-06T20:53:31Z,2UayhrAGiC76K13UON0LV9,Campi Di Grano,La Fame Di Camilla,0.0217,0.46,208280,0.751,0.000217,8,0.125,-5.997,1,0.0336,143.985,0.764
2018-03-06T20:50:31Z,0JvtiFsvabu9IEyJErIkfq,Buio E Luce,La Fame Di Camilla,0.0536,0.494,204933,0.714,0,0,0.412,-5.644,0,0.0363,150.018,0.73
2018-02-26T17:56:36Z,2gYBLjehWb0RHAOZgb4jfu,Demons,Jacob Lee,0.153,0.438,251833,0.537,0,3,0.171,-4.392,0,0.0275,157.919,0.286
2018-02-26T17:43:59Z,2eCy2bKTU2eHLXt5h9wjf1,Armenia,Joan Thiele,0.0208,0.757,177830,0.625,0.000885,0,0.369,-6.956,1,0.0433,112.069,0.274
2018-02-25T14:30:49Z,0RsekH57LexeI1dfFklfVR,Explosion,Seafret,0.389,0.499,154667,0.566,0,11,0.115,-8.016,0,0.0338,113.37,0.148
2018-02-24T19:35:01Z,1OQK8nkdhvneqYEIdjHjlQ,Semplice,Fabrizio Moro,0.0273,0.594,175933,0.898,0,5,0.191,-4.718,0,0.0569,107.959,0.525
2018-02-24T19:31:39Z,5O3sVyP1yBcWGCjU5a0jjr,Giocattoli,Fabrizio Moro,0.0599,0.533,214480,0.72,0,9,0.141,-4.986,1,0.0294,120.151,0.234
2018-02-24T19:25:39Z,6EdRFIVylBK7PUWjZ6QsXj,Sono anni che ti aspetto,Fabrizio Moro,0.048,0.516,235160,0.762,2.23e-06,11,0.144,-5.519,1,0.0322,133.967,0.227
2018-02-24T13:49:13Z,32DGGj6KlNuBr6WaqRxpxi,How Long,Charlie Puth,0.189,0.849,198237,0.581,3.61e-06,1,0.0805,-5.243,0,0.0767,110.008,0.779
2018-02-22T16:48:33Z,0v9W4BfBwrxFLzRqWnqXPZ,Underdressed,VÉRITÉ,0.322,0.549,234202,0.539,1.42e-06,10,0.126,-5.38,1,0.0317,136.128,0.243
2018-02-22T16:41:57Z,34i4yxPrHWquuR4kjiivFO,Somebody Else,VÉRITÉ,0.201,0.674,233077,0.593,0.000529,11,0.209,-6.47,0,0.0582,116.995,0.464
2018-02-21T19:40:58Z,06N8lKsYVmbKe0B6fPGkCb,L'Isola,Emma,0.00966,0.581,257694,0.697,0.000122,6,0.0871,-10.733,1,0.0303,125.023,0.604
2018-02-20T18:20:35Z,7hRM2EHbeVZl4fPSK2XxOO,Bye bye,Annalisa,0.0115,0.64,176400,0.58,0,9,0.0938,-6.211,0,0.0357,123.04,0.192
2018-02-20T00:12:31Z,4ojzCtH1oOVOFQD5ZqPfwd,Portami via,Fabrizio Moro,0.0605,0.514,195733,0.462,0,10,0.102,-7.266,1,0.0328,125.543,0.301
2018-02-19T23:16:58Z,6yLfWaYKa2pvxm8VNCFzbQ,La louze,Shanguy,0.246,0.803,201570,0.808,0.000266,10,0.174,-5.03,0,0.123,119.995,0.357
2018-02-17T15:10:29Z,7jqDzXJS0K0Re8uphYNit0,Sick Boy,The Chainsmokers,0.104,0.548,193893,0.58,0,11,0.127,-7.524,0,0.121,180.066,0.462
2018-02-17T14:35:05Z,7uRMkzfsl1RtcP4893CjyL,Rien ne va plus,Ermal Meta,0.00154,0.685,183920,0.827,0,1,0.164,-5.29,0,0.0332,118.018,0.504
2018-02-16T19:53:19Z,5AEt1JRuzsv7ip4frOvQrE,Pensa - Sanremo 2007,Fabrizio Moro,0.117,0.681,226064,0.786,0,0,0.0665,-5.534,1,0.0335,91.991,0.633
2018-02-15T21:44:27Z,2Imq77E6CEJR5TPUxlJvTY,All The Stars (with SZA),Kendrick Lamar,0.0548,0.532,232187,0.642,0.000246,5,0.0991,-4.891,0,0.111,193.016,0.536
2018-02-15T21:39:13Z,5hM6sP0Gh1jD57drszNueC,For You (Fifty Shades Freed) (& Rita Ora),Liam Payne,0.0188,0.483,244293,0.799,0,2,0.226,-4.567,0,0.0366,112.946,0.171
2018-02-15T20:36:05Z,5s9WCK62CTEW6VFZzMQXEd,Libero,Fabrizio Moro,0.122,0.627,193515,0.813,0,1,0.126,-5.081,1,0.0274,139.949,0.736
2018-02-15T18:45:40Z,29eZ3b1mfZIwOMQMdRFNZ0,Mercy,Madame Monsieur,0.0688,0.654,239267,0.54,0.000104,4,0.579,-7.004,0,0.0477,97.004,0.169
2018-02-15T18:14:16Z,5JdNxTlf7FvfNNjJB7LAIr,Andiamo,Fabrizio Moro,0.0504,0.702,167840,0.859,0,0,0.115,-3.949,1,0.0843,119.985,0.874
2018-02-14T21:08:10Z,1JZErJA1U19cl6LxykcUSS,Open up Your Eyes,Daniel Mallender,0.286,0.391,134133,0.463,0.0153,8,0.112,-10.13,1,0.0535,109.979,0.17
2018-02-14T14:32:55Z,4SIQp1Al4Q8ZsKdqI1OFaA,She's Madonna,Robbie Williams,0.215,0.666,256574,0.889,1.4e-06,5,0.0783,-4.295,0,0.0337,123.994,0.635
2018-02-14T13:24:37Z,1V5u2MEJXS4XpZOCKQ9y6C,Happyland,Måns Zelmerlöw,0.05,0.402,200000,0.461,0,2,0.0503,-5.14,0,0.0458,127.393,0.356
2018-02-13T20:01:16Z,16nSEFdi7oZdQfOKgjr4JW,Lettera a mio padre,Ermal Meta,0.00949,0.503,233053,0.828,0,9,0.0847,-4.69,0,0.041,98.048,0.528
2018-02-11T14:26:00Z,554Cnj9FKhRGABIxSaGJGG,Una Vita In Vacanza,Lo Stato Sociale,0.137,0.637,233947,0.916,0,10,0.0969,-4.147,1,0.101,135.013,0.665
2018-02-11T14:16:04Z,0YBbqRe8qsWleM9cmBo77z,Il mago,Mudimbi,0.252,0.798,187624,0.807,0,1,0.0816,-5.057,0,0.182,99.062,0.76
2018-02-11T13:42:53Z,6dNtIe63iTj60GXprm8H4j,Il mondo prima di te,Annalisa,0.352,0.527,218093,0.445,0,4,0.109,-8.966,1,0.0388,129.726,0.0842
2018-02-10T15:57:55Z,35JwSMQXtHyTKPTcpXF07P,Il ballo delle incertezze,Ultimo,0.445,0.654,205833,0.76,0,3,0.064,-5.058,1,0.185,144.098,0.413
2018-02-09T22:45:29Z,1oMYET9xQB8XpxwTt2c5Dz,Non mi avete fatto niente,Ermal Meta,0.309,0.568,208080,0.89,0,6,0.207,-4.612,1,0.0554,90.025,0.644
2018-02-09T14:44:20Z,4fZ7nNMi4W7wRABFUebKuy,"Frida (mai, mai, mai)",The Kolors,0.0436,0.577,211200,0.744,0,6,0.215,-5.499,0,0.0487,77.001,0.603
2018-02-05T13:32:50Z,2zkXavDV9dw8uR0pfhsBt2,Casual Affair,Panic! At The Disco,0.0002,0.508,197693,0.858,0.000113,5,0.186,-5.309,0,0.0557,147.059,0.385
2018-02-05T13:32:50Z,4NTL7fT4eqfPao94lmqth2,Far Too Young to Die,Panic! At The Disco,0.00217,0.676,197467,0.756,3.08e-05,7,0.104,-6.528,0,0.0446,126.98,0.543
2018-02-05T13:32:49Z,5Q4H1XkVHxQjnrHCUpS61d,Nicotine,Panic! At The Disco,0.000912,0.592,186600,0.891,0.000128,5,0.25,-4.766,0,0.0522,127.955,0.571
2018-02-03T10:45:15Z,1LhMopPAallLeaeNutqbgS,Say Something,Justin Timberlake,0.103,0.707,278893,0.632,1.09e-05,10,0.0841,-7.031,1,0.0789,97.04,0.372
2018-02-02T13:06:58Z,6lOWoTqVnAWXchddtTH31W,Leave a Light On,Tom Walker,0.0153,0.586,185863,0.624,1.78e-06,5,0.133,-5.946,1,0.113,68.976,0.267
2018-01-31T23:36:47Z,6QE6yqYTQuFvJp8GQcrtTl,Voyage voyage,Kate Ryan,0.000926,0.566,184587,0.951,0.000517,8,0.338,-3.197,0,0.0352,129.954,0.259
2018-01-31T21:07:04Z,5XZyIOvleZYTh0DD399M90,tous les mêmes,Stromae,0.195,0.68,210933,0.651,0.00228,5,0.276,-9.113,0,0.141,110.018,0.652
2018-01-31T21:07:03Z,6LXRvh3S8TB5P1PKy4lY1S,Alors On Danse - Radio Edit,Stromae,0.0994,0.79,206067,0.59,0.00203,1,0.065,-9.206,0,0.0793,119.951,0.714
2018-01-31T20:57:06Z,1yJZwBqTyGTB7mz8nZyiel,Barcelona,George Ezra,0.293,0.629,188960,0.577,0.00115,5,0.109,-9.306,1,0.0306,93.997,0.171
2018-01-31T20:41:40Z,09TcIuH1ZO7i4vicWKoaN2,Papaoutai,Stromae,0.0241,0.733,232147,0.818,0,10,0.0636,-7.222,0,0.0859,116.019,0.253
2018-01-31T20:41:39Z,2O8TNbYoAiTZR8N9CU9BAG,Papaoutai,Natalia Nykiel,0.234,0.693,220827,0.846,0,6,0.274,-5.279,0,0.0596,121.062,0.641
2018-01-31T20:40:21Z,1vELwZM3uBYWd8HrtddD4l,Bella,Maître Gims,0.0873,0.781,226480,0.944,0.0795,9,0.117,-2.64,0,0.0615,103.003,0.965
2018-01-26T17:37:53Z,1QO9k34FcHXGqdMUWjH1Rn,Over Again,Mike Shinoda,0.0592,0.586,230537,0.766,0.000307,0,0.126,-7.492,0,0.0694,145.064,0.126
2018-01-26T17:32:34Z,5uUx2PVuJrQ9eM18wQP0GO,Watching As I Fall,Mike Shinoda,0.0116,0.522,211144,0.856,0,1,0.263,-5.969,1,0.0769,80.027,0.686
2018-01-22T20:36:49Z,1g7zNtcGrWt8gcBRwDQEkf,Gold,Nick Murphy / Chet Faker,0.397,0.502,285256,0.507,0.000744,1,0.151,-9.296,1,0.0707,139.931,0.21
2018-01-22T19:38:29Z,1mFIijOY4YE9iTlfPJUmaq,Bridges (feat. Fjøra),Generdyn,0.0267,0.535,240000,0.559,0.000159,2,0.0672,-6.566,0,0.0265,100.02,0.177
2018-01-21T09:59:21Z,6t44iU80A0h8WQ7vc4OoRj,Fake Happy,Paramore,0.076,0.734,235707,0.626,6.54e-06,7,0.168,-5.685,1,0.0458,98.559,0.44
2018-01-20T23:49:13Z,3fJaqjV813edLN5wrxUPkc,Strangers,Sigrid,0.00584,0.755,233726,0.722,0.00104,7,0.0746,-6.097,1,0.038,115.03,0.133
2018-01-18T17:51:18Z,4zvDLnHbKhi4OmSF7zO6Nm,Oprócz Błękitnego Nieba - Wersja Akustyczna,Golden Life,0.123,0.515,277213,0.672,0.0011,3,0.0963,-9.691,0,0.0464,171.919,0.264
2018-01-18T17:44:28Z,4QvRsDjHDB0l5NVdG1uZr8,Jeśli Wiesz Co Chcę Powiedzieć,Nosowska,0.00379,0.596,185027,0.528,0,5,0.345,-7.079,1,0.0299,120.16,0.204
2018-01-13T11:56:01Z,2LsPLKGRcTvqdIvIThag92,Lava,Francesca Michielin,0.136,0.862,182360,0.595,0.000467,7,0.0741,-9.16,1,0.2,104.969,0.152
2018-01-11T21:57:24Z,6epvwUINain4iSHCTWA0sj,The Village,Wrabel,0.534,0.55,230293,0.363,0,5,0.128,-7.326,1,0.0336,121.94,0.286
2018-01-11T21:56:50Z,1wgqttlPacpvmX5DKVboOa,Paper Planes,M.I.A.,0.0254,0.541,205200,0.854,0.000125,2,0.651,-6.196,1,0.155,86.044,0.454
2018-01-02T23:07:10Z,7BpYWzZwrsljT1eIjb0TqR,Told You So,Paramore,0.0029,0.639,188947,0.814,2.98e-05,2,0.0529,-5.632,0,0.0385,123.922,0.904
2018-01-01T14:53:56Z,2BpBgGDyko7wzwIXSxjiUB,Gli ostacoli del cuore - feat. Ligabue,Elisa,0.189,0.517,266747,0.773,3.14e-06,4,0.151,-5.638,1,0.0395,155.965,0.544
2018-01-01T14:53:14Z,3KXfXZNNGdYUmHbDOCCLeK,La notte vola,Lorella Cuccarini,0.368,0.725,206600,0.818,2.46e-05,5,0.119,-7.497,1,0.0471,122.777,0.909
2017-12-30T17:06:13Z,6uIPtaOGrfptWMVwQ3wrU5,Amnezja,Pawbeats,0.467,0.49,219063,0.708,0,4,0.141,-10.134,0,0.382,134.571,0.292
2017-12-20T21:07:02Z,6tqzOYuE3lrNVPDgtF3MjM,Youth,Daughter,0.889,0.401,253013,0.535,0.00667,0,0.116,-11.09,1,0.0407,146.515,0.436
2017-12-20T20:58:16Z,64xJ1MMFxxK6osZxJH857T,Waves,Dean Lewis,0.163,0.518,241292,0.776,0,11,0.0884,-5.791,0,0.0444,156.894,0.387
2017-12-19T22:33:25Z,5EYg1Kb2TzWonZhA2yxVsL,Stay,Hall & Bates,0.856,0.404,197743,0.346,0,7,0.0765,-8.153,0,0.0638,84.979,0.257
2017-12-19T22:27:44Z,1uZswvpSomn1xZmtuBZRF3,Black Sky,Arrows to Athens,0.00377,0.429,257373,0.825,0.733,10,0.145,-5.265,0,0.04,146.063,0.269
2017-12-19T22:18:24Z,0zx0lMlvLgFKt2EQZ1SHRC,Secrets,Lukr,0.0471,0.551,214318,0.552,0,4,0.271,-8.398,0,0.0388,131.948,0.29
2017-12-19T22:11:21Z,6GlxNO3XgcxZkSo2y07yd1,Umbrella,Fly By Midnight,0.255,0.658,195566,0.563,0,0,0.349,-8.645,1,0.0306,106.024,0.613
2017-12-18T22:08:15Z,4Pslf0rV8BsQVYmXjdei37,Zostań,Kortez,0.614,0.601,246772,0.363,0.666,9,0.11,-11.691,0,0.0359,130.081,0.211
2017-12-13T23:44:13Z,42uRX4xo8qvHl1CnOoed82,Euforia,Pawbeats,0.0753,0.51,203920,0.804,9.16e-05,7,0.0842,-8.186,1,0.0403,129.036,0.316
2017-12-09T13:43:58Z,7C5Jk5c6Y1LWbXCcPS6ATS,Faking It - Radio Edit,Calvin Harris,0.124,0.78,227877,0.579,0,9,0.111,-4.709,0,0.0609,120.036,0.417
2017-12-04T22:35:35Z,3A6wCRe6QoH7Ea5JMpnRB8,Dancing With Our Hands Tied,Taylor Swift,0.0604,0.624,211507,0.691,1.1e-05,0,0.138,-6.686,0,0.196,160.024,0.284
2017-12-04T22:35:34Z,0cdQJyb7pZJMw9obUd8lue,So It Goes...,Taylor Swift,0.122,0.574,227907,0.61,1.1e-06,2,0.13,-7.283,1,0.0732,74.957,0.374
2017-12-02T10:23:17Z,3YU6vJbjYUG0tiJyXf9x5V,Him & I,G-Eazy,0.0534,0.589,268867,0.731,0,2,0.308,-6.343,1,0.0868,87.908,0.191
2017-11-25T13:20:49Z,5lWSsGJ5X7SHWnhuuVNDob,Perdere la testa,J-AX,0.0478,0.465,224707,0.667,0,3,0.105,-7.5,1,0.0686,78.929,0.341
2017-11-25T13:14:00Z,5DtoXFQvulLjrMORIrJCp6,Devi morire,J-AX,0.21,0.607,253107,0.704,0,5,0.109,-5.794,0,0.249,165.747,0.76
2017-11-22T09:32:51Z,7KHdSeolVwwPsAm4lGwaa4,Adios Paranoia - Radio Edit,Negrita,0.0542,0.6,200408,0.881,0,7,0.0957,-5.909,1,0.0375,124.373,0.757
2017-11-20T17:46:11Z,2o3SSTS3FoZ5m8HCVvBca7,Io non abito al mare,Francesca Michielin,0.319,0.442,193379,0.762,1.61e-05,0,0.0901,-4.219,1,0.0973,148.65,0.298
2017-11-20T17:12:55Z,2Jehj4Cvt1DTkJVRDkVFq2,Slow Dancing in a Burning Room,John Mayer,0.573,0.668,242000,0.361,0.00506,1,0.0805,-8.69,0,0.0273,134.15,0.288
2017-11-15T08:11:40Z,7iIDxSFNVhgSg5UnEPgjJq,Ona to ziomal,PlanBe,0.216,0.714,208691,0.785,0,10,0.116,-4.294,0,0.0393,132.081,0.613
2017-11-14T21:13:22Z,5km7HRh6Cgu5aIl7MktPRX,Tinder Love,PlanBe,0.689,0.664,244661,0.732,0,8,0.253,-5.667,0,0.339,115.675,0.392
2017-11-14T21:09:07Z,1Z2AA0OGvbJHQwNbQmBRpO,Kolor,PlanBe,0.205,0.682,212459,0.659,0,10,0.105,-8.074,0,0.193,123.073,0.232
2017-11-13T22:41:39Z,59Q1AAWmcKB33V9EmNe6Ce,Manekin,Quebonafide feat. Hary,0.79,0.709,165387,0.417,0,1,0.107,-12.883,0,0.301,120.107,0.497
2017-11-13T18:59:03Z,2DfCT4g6zbdZmAfSbjKM9e,Hollywood$,PlanBe,0.666,0.54,220916,0.599,1.96e-06,6,0.387,-8.128,0,0.161,87.944,0.329
2017-11-08T22:01:21Z,03U87iLxIu0MonYKasaKVe,Circles,EDEN,0.661,0.353,274668,0.495,1.05e-05,2,0.0923,-6.722,1,0.0364,132.638,0.161
2017-11-06T22:31:51Z,4EtChAAurQDG6fHyDPMuwr,Tańcząc w Ciemnościach,Planet ANM / EljotSounds,0.205,0.477,259560,0.597,0,1,0.164,-8.631,0,0.0447,131.964,0.0876
2017-11-06T22:29:49Z,0aqyW2FNMXyQcldNO7rHtO,Mentalista feat. Miuosh & Mam na Imię Aleksander,EljotSounds,0.0846,0.419,254266,0.663,1.03e-06,9,0.324,-7.88,0,0.337,94.036,0.195
2017-11-06T19:36:05Z,3cuRIW5XcYEcWyWpBjIXHP,Glory,Dermot Kennedy,0.0327,0.551,222173,0.604,0,2,0.0836,-7.448,1,0.0434,76.514,0.18
2017-11-01T15:49:37Z,442JOVF2wnuJqNuxAyrheV,You Only Live Once -everlasting-,Wataru Hatano,0.371,0.517,283227,0.762,0,7,0.114,-7.306,1,0.0334,125.997,0.0559
2017-10-30T21:55:55Z,0hybX1nrnKplaVfhkTZYau,Kiss the Sky,Machine Gun Kelly,0.00218,0.609,187493,0.669,4.16e-06,0,0.126,-8.777,1,0.17,126.151,0.044
2017-10-30T10:58:56Z,0ofbQMrRDsUaVKq2mGLEAb,Havana,Camila Cabello,0.186,0.768,216897,0.517,3.8e-05,7,0.104,-4.323,0,0.0312,104.992,0.418
2017-10-29T21:49:13Z,2Pet492PHE6ntVncylsQ1k,My Song,Alessia Cara,0.0283,0.543,242173,0.697,0,8,0.368,-4.68,1,0.0505,103.083,0.581
2017-10-29T21:44:27Z,3ArYVrRb0lDBLzuJJqIXzC,River Of Tears,Alessia Cara,0.928,0.388,254507,0.372,0,6,0.146,-5.72,1,0.0468,89.701,0.285
2017-10-15T21:15:53Z,2fmCA13dwQQOGBIbIOWRiJ,LA Devotee,Panic! At The Disco,0.00043,0.49,196520,0.848,8.49e-06,9,0.0665,-5.05,1,0.0645,175.998,0.698
2017-10-04T20:28:52Z,08Au1yIJyLHXzYaymSv82H,Pachidermi e pappagalli,Francesco Gabbani,0.0216,0.69,202440,0.909,0,7,0.155,-1.885,1,0.0632,119.959,0.681
2017-09-30T17:27:33Z,04pjfS3YIK6gXjxi1zHeZa,Legends Never Die (feat. Against the Current),League of Legends,0.00786,0.498,235000,0.598,0,4,0.111,-6.638,0,0.0377,140.078,0.0573
2017-09-28T22:29:45Z,1DFnEeH1a4zUh4pIRzopEF,20 Percent Cooler,Ken Ashcorp,0.000368,0.555,192000,0.732,0.0202,7,0.452,-6.697,1,0.336,125.091,0.703
2017-09-27T11:16:54Z,2vngcJm3pogrgon3Cx0Nfh,Splende,Annalisa,0.0223,0.605,203653,0.762,0,2,0.273,-4.155,0,0.0274,102.508,0.599
2017-09-27T10:54:53Z,1OmcAT5Y8eg5bUPv9qJT4R,rockstar,Post Malone,0.128,0.58,218320,0.531,0.000127,5,0.143,-6.631,0,0.0776,159.786,0.141
2017-09-26T21:33:26Z,7dgR2p0TD0s71XZqvvL6sr,Una Chiave,Caparezza,0.0304,0.7,245613,0.929,0.000909,3,0.101,-4.642,1,0.0487,95.016,0.684
2017-09-14T22:14:01Z,0S9r7W4L7N72G3yXeZd5li,Voodoo Love,Ermal Meta,0.222,0.509,230030,0.693,0,0,0.118,-6.787,1,0.0318,87.178,0.546
2017-09-14T19:55:38Z,7nZmah2llfvLDiUjm0kiyz,Friends (with BloodPop®),Justin Bieber,0.00459,0.744,189467,0.739,0,8,0.306,-5.35,1,0.0387,104.99,0.649
2017-09-14T19:29:26Z,79cuOz3SPQTuFrp8WgftAu,There's Nothing Holdin' Me Back,Shawn Mendes,0.381,0.857,199440,0.8,0,2,0.0913,-4.035,1,0.0583,121.996,0.966
2017-09-11T17:27:51Z,5JbI3K7aRGhygFAoB3vNg3,New Rules,Ben Woodward,0.498,0.704,208748,0.614,6.3e-06,5,0.24,-8.427,0,0.0485,115.928,0.386
2017-09-07T16:35:01Z,39wHJyoHNlaFEFUKlDzNo3,Got It Bad,LEISURE,0.00839,0.793,205602,0.468,0.0786,11,0.0689,-10.054,1,0.0408,96.0,0.534
2017-09-07T16:09:36Z,0SsP7gCmOC9eMld6QWjB7f,I Help You Hate Me,Sunrise Avenue,0.000179,0.624,189653,0.663,0,7,0.438,-5.141,1,0.029,103.078,0.467
2017-09-07T16:04:45Z,1bhnF7ddAquPs1S1lwk3ef,Where's My Love (feat. Lily Kershaw) - French Version,SYML,0.924,0.429,247827,0.2,0.0081,0,0.106,-12.981,0,0.031,103.777,0.148
2017-09-07T16:03:37Z,3XRDrBtoCJAMDQJgSzJ9WT,Where's My Love,SYML,0.853,0.598,202107,0.343,0.0219,0,0.123,-11.04,0,0.025,103.984,0.419
2017-09-07T15:55:16Z,3xn7cwof2Srt3CRjvLfrXa,Fear of the Water,SYML,0.954,0.475,245813,0.208,0.883,7,0.118,-17.635,0,0.0299,93.029,0.152
2017-09-06T14:19:21Z,7Cia4WzapwjMr0NUQF8vf3,Oceans,Seafret,0.274,0.404,216187,0.48,8.63e-06,9,0.132,-8.906,0,0.0303,129.162,0.2
2017-09-04T20:04:46Z,3oqjaZFdEq0yMKxrXBSq8x,Alone Made of Ice,Maldito,0.693,0.393,332948,0.469,0,8,0.166,-8.723,0,0.043,175.588,0.0598
2017-09-03T13:41:15Z,19WjVVgXjdKXfLXoaDPwTM,...Ready For It?,Taylor Swift,0.0573,0.616,208198,0.77,0,2,0.159,-6.5,1,0.142,160.049,0.412
2017-09-01T11:57:46Z,5XeFesFbtLpXzIVDNQP22n,I Wanna Be Yours,Arctic Monkeys,0.136,0.464,183956,0.417,0.022,0,0.0974,-9.345,0,0.0256,67.528,0.479
2017-08-25T13:14:39Z,6uFsE1JgZ20EXyU0JQZbUR,Look What You Made Me Do,Taylor Swift,0.213,0.773,211859,0.68,1.57e-05,9,0.122,-6.378,0,0.141,128.062,0.497
2017-08-25T12:41:14Z,1CnPYaKxTVb4LWOtiGOm0m,All Time Low,Jon Bellion,0.0584,0.617,217603,0.567,0,0,0.0933,-4.188,1,0.0828,90.246,0.505
2017-08-23T15:26:48Z,4YvUOe8q9N2kQ5aflrezTs,Eyelids,PVRIS,0.216,0.449,307067,0.624,0.00178,4,0.137,-8.284,0,0.032,75.95,0.09
2017-08-22T22:08:47Z,4U9arGcc4ATa7shChhLQP0,Walk On Water,Thirty Seconds To Mars,0.000115,0.494,188228,0.778,0,8,0.0904,-7.041,1,0.0359,139.963,0.406
2017-08-21T23:32:11Z,4LuPJkrWnQ7j7FUZkpRIEk,24 Floors,The Maine,0.126,0.564,223062,0.732,0,9,0.365,-6.298,0,0.0284,83.972,0.282
2017-08-21T20:37:49Z,6nvRLsMrOAGTYWGOIAUSfS,Where Do We Go from Here?,Ruelle,0.895,0.261,196334,0.397,0.00217,9,0.0715,-7.898,0,0.0313,150.176,0.152
2017-08-21T20:36:16Z,69El8bwwxvL6MKfDCwdRHR,The Other Side,Ruelle,0.89,0.252,251347,0.317,9.46e-05,6,0.139,-8.199,0,0.0381,76.809,0.16
2017-08-20T15:00:50Z,7eBtmw3nmUU1feJ9R4GPej,Paper Love,Allie X,0.104,0.569,197673,0.685,0.0014,1,0.0674,-6.086,0,0.0812,189.938,0.372
2017-08-18T23:20:28Z,5aFQU3VPCQ3YGfKBA4tLfj,1-800-273-8255,Logic,0.568,0.627,250173,0.572,1.52e-06,5,0.198,-7.738,0,0.0373,100.041,0.361
2017-08-16T18:33:33Z,0wxBC9DKXHDlx90qhBamZo,Ember,Katherine McNamara,0.0241,0.595,227774,0.757,0.000814,1,0.0708,-6.954,0,0.0712,108.043,0.329
2017-08-13T23:18:28Z,0ygOBx60exSPPvnI4sS28r,Silhouette,Aquilo,0.728,0.239,230417,0.419,0,1,0.0394,-8.443,1,0.0475,83.529,0.11
2017-08-12T19:13:58Z,4iLqG9SeJSnt0cSPICSjxv,Attention,Charlie Puth,0.0969,0.774,211475,0.626,3.12e-05,3,0.0848,-4.432,0,0.0432,100.041,0.777
2017-08-11T22:32:20Z,4Q2RNIMYicMFOHJsqUhPHK,"A Million on My Soul (Radio Edit) - From ""Valerian and the City of a Thousand Planets""",Alexiane,0.0553,0.621,177176,0.871,0.000758,9,0.114,-4.802,0,0.0438,84.988,0.518
2017-08-08T19:39:12Z,2a0u6wN15zIfSzgfhbsjd1,Chodź,Taco Hemingway,0.42,0.849,208653,0.549,0,9,0.193,-7.44,1,0.262,140.029,0.496
2017-08-07T17:37:41Z,2TCNbQYtrOCzDM4Rrawhxz,Weathered,Jack Garratt,0.104,0.405,274693,0.519,6.24e-05,0,0.085,-7.419,1,0.0467,112.044,0.296
2017-08-07T16:27:54Z,2ekn2ttSfGqwhhate0LSR0,New Rules,Dua Lipa,0.00261,0.762,209320,0.7,1.56e-05,9,0.153,-6.021,0,0.0694,116.073,0.608
2017-08-07T14:17:26Z,1wC93sZRGcTgKLN2UWRSwW,Perfect Places,Lorde,0.00289,0.621,221874,0.574,3.04e-05,1,0.128,-5.325,0,0.0555,104.344,0.537
2017-08-02T19:12:11Z,0XSw5n5ZOivgHTGBPcwqqT,Hack3d By GH05T 2.0,PRO8L3M,0.0791,0.804,236129,0.555,0,0,0.104,-7.6,1,0.0609,124.031,0.311
2017-08-02T19:08:55Z,1ucI8YPfwua7WybOjOjy9T,Molly,PRO8L3M,0.371,0.808,251400,0.783,0,9,0.174,-5.212,1,0.0882,139.941,0.108
2017-08-02T18:54:23Z,1r6acDB1yktcjeWIjrHNRh,Błąd,Łona I Webber,0.18,0.942,185943,0.507,7.33e-06,11,0.0752,-8.516,0,0.407,117.031,0.368
2017-08-01T12:52:50Z,5gqcOwKXxGTth8CUfN8woT,Brave,Riley Pearce,0.569,0.505,247793,0.409,0.00228,4,0.153,-10.588,0,0.0304,116.05,0.228
2017-08-01T10:37:55Z,5SUmNRjUaxONHha1l3wwUo,Where's My Love - Alternate Version,SYML,0.904,0.376,248333,0.219,0.0194,0,0.108,-11.805,0,0.0319,103.719,0.159
2017-07-31T21:30:36Z,1AU7nfy6iBbNt7rrgSglOZ,Nostalgia,Taco Hemingway,0.64,0.839,229187,0.462,0,1,0.0823,-9.5,0,0.225,104.977,0.471
2017-07-31T16:34:05Z,0BpqRe4V2t3EIln48L1ZEQ,35,Taco Hemingway,0.404,0.264,144547,0.672,0.17,0,0.0781,-9.204,0,0.271,74.204,0.166
2017-07-31T16:23:13Z,0G7EOUEIh1cox6mPZktdMH,Dele,Taco Hemingway,0.437,0.838,207960,0.45,0,0,0.168,-9.634,1,0.24,93.978,0.49
2017-07-31T15:59:13Z,2Z07zp7rbrWfIRbYeaQnWL,Tlen,Taco Hemingway,0.452,0.823,281933,0.37,6.74e-05,7,0.0693,-10.28,1,0.204,106.982,0.0669
2017-07-30T21:11:51Z,1A8ll0hlEhNelL6oQjvzoe,Fire N Gold,Bea Miller,0.00409,0.539,211867,0.855,0,6,0.329,-5.447,1,0.0428,143.987,0.406
2017-07-30T21:03:37Z,0PxxGIXlKcFCy2Y2Z1kfEu,yes girl,Bea Miller,0.0565,0.554,231391,0.726,0,5,0.197,-5.021,0,0.0315,98.994,0.286
2017-07-28T19:02:15Z,2PgG8RBPw2dGXdtJ98cxTN,Vulcano - Radio Edit,Francesca Michielin,0.0589,0.692,189654,0.871,0.000285,10,0.145,-5.815,0,0.0835,114.815,0.149
2017-07-24T14:27:52Z,2DgOJJlS16oDPFvNBIA7H4,Hypebae,Quebonafide & Sfera Ebbasta,0.0481,0.568,231613,0.937,0,6,0.637,-4.825,1,0.0549,126.999,0.53
2017-07-24T13:59:29Z,4Cti8D5eFnO5WQ2DIev9ZI,Let Down,Dead By Sunrise,0.0306,0.441,238160,0.867,0,4,0.0747,-5.878,0,0.0426,150.095,0.416
2017-07-19T17:03:21Z,03wGihTta45OXz1z9sqPSa,Area,MagnusTheMagnus,0.0699,0.687,178869,0.687,0.331,9,0.0519,-5.517,0,0.0653,156.069,0.631
2017-07-16T22:54:49Z,5TuXRIWZicQ2baTHfXID0U,Half Dead,Quebonafide,0.46,0.834,278742,0.85,0,8,0.189,-5.469,0,0.287,119.989,0.526
2017-07-15T13:42:57Z,4vWeIrIQQrbThS11ogLTmu,War of Hearts,Ruelle,0.0316,0.494,226427,0.713,0.374,9,0.0602,-7.487,0,0.0776,147.959,0.257
2017-07-10T20:02:38Z,14Xpc1IpKL3nN4gQcoLdl5,Cigno nero,Fedez,0.308,0.525,201973,0.713,0,2,0.0984,-5.238,1,0.45,181.102,0.489
2017-07-09T20:45:18Z,0VIAsaLCAD3Z20Un3IAQpF,M.I.A. (feat. Boomdabash),Fedez,0.021,0.656,195720,0.824,0,5,0.0365,-5.211,1,0.0986,124.038,0.538
2017-07-09T20:41:53Z,218o2LbwBEtYDbDWcuUUxG,Magnifico (feat. Francesca Michielin),Fedez,0.238,0.676,203747,0.666,0,0,0.112,-7.921,1,0.0539,92.034,0.386
2017-07-06T17:33:04Z,5xMzazov0IHYllrc8U2K6F,Ni Tú Ni Yo (feat. Gente de Zona),Jennifer Lopez,0.123,0.673,215880,0.907,0,1,0.423,-3.716,0,0.074,109.04,0.768
2017-07-04T19:07:29Z,3E5NxItWJmrd4I6ddpePZr,Precious,Depeche Mode,0.0973,0.568,250160,0.883,0.0449,1,0.104,-4.575,1,0.0271,104.987,0.861
2017-07-02T13:38:33Z,4xDjGJEo2CFe5MC4NfPlaR,O.D.D.,Hey Violet,0.00995,0.592,222689,0.611,0,6,0.15,-6.521,1,0.0427,77.005,0.349
2017-07-02T13:30:54Z,1ZeBRaUlfmys5RYScBsBfQ,Bogini,Quebonafide,0.214,0.481,262147,0.722,0.000591,11,0.119,-9.611,0,0.133,106.347,0.176
2017-06-27T19:30:15Z,2jQiSYrwJehQAcuaaQrXnS,Friends,Chase Atlantic,0.0114,0.422,230011,0.609,4.76e-06,11,0.108,-6.361,0,0.0335,107.34,0.0911
2017-06-27T14:54:47Z,78RIER8V6EhrqVPOBi2GYa,Here Comes the Rain Again - Remastered Version,Eurythmics,0.0141,0.648,294587,0.755,0.000249,0,0.225,-7.901,1,0.03,126.341,0.607
2017-06-27T14:36:40Z,5OhIbBb4pFbev8E2hAttFZ,Abbracciami perdonami gli sbagli,Bianca Atzei,0.000766,0.588,213131,0.855,0,0,0.131,-4.313,1,0.0335,106.993,0.563
2017-06-25T14:02:16Z,2lCT4RVgR0bIYR0JW7Mcqx,# fuori c'è il sole,Lorenzo Fragola,0.444,0.602,192720,0.834,0,1,0.438,-5.641,0,0.0289,91.011,0.612
2017-06-24T17:02:49Z,19VSUNkTodE5zzBc4DmZvK,My Consequence,Hey Violet,0.00503,0.514,262559,0.836,3.15e-05,8,0.373,-5.838,0,0.0461,102.003,0.432
2017-06-24T16:55:28Z,24GuTr4Cg9TclGAevWSti0,Hoodie,Hey Violet,0.0166,0.689,219183,0.703,1.21e-05,11,0.382,-5.015,1,0.043,94.953,0.435
2017-06-24T16:43:02Z,6UuFZEdhqDDTOs4tnMqWH9,Lettera dall'inferno,Emis Killa,0.172,0.34,230446,0.77,0,9,0.117,-7.098,0,0.174,100.008,0.345
2017-06-24T13:34:32Z,6dVa7xk5dOoT6pOkDw1TMH,Brother,Kodaline,0.341,0.493,201980,0.636,0,10,0.201,-5.894,1,0.049,120.136,0.228
2017-06-23T18:48:52Z,3IEHJ5lWMxExmrn2zlhcVu,Champion,Fall Out Boy,0.000958,0.318,192560,0.914,8.98e-05,0,0.368,-4.147,1,0.279,187.773,0.323
2017-06-23T18:14:24Z,0QPqmarimIKooURQb8ZR5Q,Fever,Deaf Havana,4.75e-05,0.278,214076,0.942,0.453,4,0.195,-3.885,1,0.0984,167.919,0.232
2017-06-20T23:23:59Z,5D91fyLu9I7WMGEqaOngwU,Time After Time (feat. Megan Davies & Jaclyn Davies),Boyce Avenue,0.746,0.313,222250,0.321,0,8,0.0948,-8.713,1,0.0352,53.845,0.244
2017-06-19T22:42:02Z,28I8isBTQdyl3LTtAAQofp,L'esercito del selfie,Takagi & Ketra,0.0707,0.818,187190,0.714,0,2,0.0901,-5.39,1,0.0335,118.019,0.78
2017-06-19T22:36:49Z,79vc5sEj9ZzPbXtWmvB8RI,Odio le favole,Ermal Meta,0.00272,0.573,204480,0.842,0,0,0.415,-4.167,1,0.0387,105.007,0.817
2017-06-18T10:39:34Z,41y86xvg28cAq5MXW8Od1U,Con le mani,Lorenzo Fragola,0.0129,0.666,203947,0.817,0,0,0.258,-5.553,1,0.0389,132.012,0.456
2017-06-16T22:12:36Z,7LrWNDGjbHfjrYFu1H26NL,Schegge,Ermal Meta,0.000961,0.418,322227,0.558,0.000738,0,0.086,-5.706,1,0.0302,133.927,0.113
2017-06-16T22:03:47Z,3XzJ0PdXUE81uC63c1mxkg,Bionda,Ermal Meta,6.81e-05,0.566,198987,0.878,8.55e-05,0,0.107,-4.221,1,0.0411,98.068,0.717
2017-06-16T21:55:22Z,3bEgqQZ7wsvKLKUEF4dqdC,Umano,Ermal Meta,0.00567,0.557,236067,0.804,0.000761,4,0.199,-5.795,0,0.0325,81.975,0.609
2017-06-15T21:59:50Z,1cPwmDUiBtnQaKyDtGEebW,Ragazza Paradiso,Ermal Meta,0.0116,0.495,219413,0.774,0,7,0.0957,-5.53,1,0.0421,89.992,0.203
2017-06-15T16:00:47Z,0kdFj5f27ulhcSXxzTGiCm,Tra le granite e le granate,Francesco Gabbani,0.0598,0.625,189667,0.854,0,1,0.0601,-2.218,1,0.118,174.021,0.586
2017-06-15T16:00:20Z,2Rub7pYFu9yN00MJU3ymyQ,G come giungla,Ligabue,0.128,0.488,237767,0.761,0,0,0.181,-4.323,1,0.163,186.164,0.792
2017-06-14T17:36:21Z,56lBX2WHqfGuoeZxZvUnVj,Thunder,Imagine Dragons,0.00502,0.601,187761,0.834,0.15,0,0.121,-3.78,1,0.0455,167.879,0.249
2017-06-13T15:16:38Z,6LaudvdZ8YuT7fFSdBgTrl,Voce del verbo,Ermal Meta,0.707,0.465,373547,0.492,0.00311,0,0.125,-9.058,0,0.0401,129.977,0.244
2017-06-13T14:55:48Z,5DiMtuO333gacQesDNrC5U,Voodoo Love,Ermal Meta,0.279,0.343,232387,0.665,0,0,0.117,-6.187,1,0.0358,86.307,0.662
2017-06-12T19:55:10Z,1E646EbKhR5pVWZGswXta8,Siamo uguali,Lorenzo Fragola,0.0901,0.646,250053,0.55,0,0,0.105,-7.597,1,0.0279,95.042,0.452
2017-06-11T10:46:40Z,4izg6Hydc6XGErWW6nbdsV,Whatever It Takes,Imagine Dragons,0.0476,0.673,201601,0.671,0,1,0.107,-4.998,1,0.0302,134.942,0.523
2017-06-09T11:58:59Z,53dLsoZaSaslRpEwsnvpWe,Girl At Home,Taylor Swift,0.328,0.732,220840,0.581,0,5,0.137,-5.82,1,0.0283,125.046,0.645
2017-06-09T11:51:35Z,53kG40e97BbXpGAkNP52Rx,The Moment I Knew,Taylor Swift,0.161,0.623,286613,0.506,6.52e-06,7,0.101,-7.325,1,0.0314,125.89,0.287
2017-06-09T11:42:21Z,1ah8VKcsljm37Ec5kmxH3J,Begin Again,Taylor Swift,0.211,0.478,239427,0.536,6.84e-06,7,0.137,-8.284,1,0.0273,78.962,0.33
2017-06-09T11:42:12Z,12pbmOrWJNjU0TAFZEw2G7,Red,Taylor Swift,0.076,0.609,223093,0.89,8.61e-05,1,0.0921,-4.258,0,0.0443,124.971,0.603
2017-06-09T11:39:51Z,0BvqWOelf2ecOmAHpzKS1C,Out Of The Woods,Taylor Swift,0.00103,0.552,235800,0.841,1.23e-05,7,0.337,-6.938,1,0.0372,91.993,0.342
2017-06-09T11:39:50Z,4SCaZ8rEnEXVYfYdTOiUPF,Welcome To New York,Taylor Swift,0.038,0.793,212600,0.634,1.76e-06,7,0.304,-4.807,1,0.0324,117.023,0.615
2017-06-06T22:32:43Z,4XifD1V0kWoG4WwsXTwS3y,Rhythm Divine,Enrique Iglesias,0.14,0.631,211773,0.977,0,0,0.0734,-2.711,1,0.152,102.026,0.428
2017-06-06T22:32:17Z,3H452nrW7GsaU01lpfrQTf,Pamplona,Fabri Fibra,0.00722,0.658,224133,0.763,0,10,0.118,-6.276,1,0.155,107.849,0.444
2017-06-06T22:32:08Z,3gQIJcDwrN4DP05oXLQt7M,Partiti adesso,Giusy Ferreri,0.255,0.621,194387,0.794,0,11,0.246,-4.723,0,0.0328,104.078,0.794
2017-06-06T21:32:52Z,0vJ1F4W4FZ9lNGxGwyJZZp,Piccola anima (feat. Elisa),Ermal Meta,0.606,0.46,221920,0.412,0,6,0.111,-6.562,1,0.031,123.445,0.195
2017-06-06T21:25:12Z,14oOKFGuXu8DqvOe1W8vao,Bon Appétit,Katy Perry,0.115,0.797,227292,0.791,6e-05,6,0.144,-5.799,1,0.0626,106.044,0.516
2017-06-05T20:33:00Z,4vlmiFfNIgdfuQJcIgIYhk,Comunque andare,Alessandra Amoroso,0.331,0.694,218733,0.863,0,7,0.111,-3.881,1,0.0446,127.958,0.373
2017-06-05T19:47:05Z,4bhX44ceTsb8Cx8i7ePIWD,Scooteroni,Marracash,0.312,0.743,239180,0.764,0,7,0.294,-4.659,1,0.206,114.989,0.43
2017-06-05T19:43:10Z,2owAfgoVM6rPCFmO0QLyKW,Maria Coraggio,Litfiba,0.0163,0.587,234907,0.889,0,7,0.0627,-4.026,1,0.0385,121.992,0.47
2017-06-03T11:46:42Z,7KlTFTpy7dXLzr2NtLkvG6,Not Today,BTS,0.00181,0.594,231860,0.946,1.04e-06,8,0.923,-3.408,1,0.126,110.024,0.665
2017-06-01T19:59:15Z,6V4y4uuMAxe2EYDIWNToaH,Pictures Of You,The Last Goodnight,0.165,0.325,190173,0.816,0,2,0.0729,-3.714,1,0.0633,207.673,0.579
2017-05-31T12:46:07Z,6tGGXBcAd0JPBvujqKK05c,"Susanna, Susanna",Francesco Gabbani,0.102,0.621,163813,0.903,0,7,0.116,-3.936,0,0.0421,102.012,0.898
2017-05-31T12:38:09Z,47be6vphXRJvJJubMgMBsF,Magellano,Francesco Gabbani,0.0375,0.583,203653,0.947,0,1,0.0699,-1.591,0,0.132,164.025,0.807
2017-05-29T12:33:34Z,6ygxTtnjuzStlahqSuiREW,Freud (feat. J-Ax),Nek,0.054,0.683,203533,0.835,0,0,0.101,-4.172,0,0.044,98.061,0.595
2017-05-28T19:17:31Z,618v3huzqDQQBfMogznSb3,Fast Car - Acoustic,Jonas Blue,0.865,0.475,217864,0.237,0,9,0.0881,-9.923,1,0.0342,103.045,0.595
2017-05-26T17:46:46Z,6csAplSqJaGTuWtWJwEPOe,Eyes Closed,Halsey,0.0179,0.581,202439,0.684,1.93e-05,1,0.0849,-4.962,0,0.0429,129.966,0.0397
2017-05-26T17:44:26Z,2habSXqcJGExM6JJyskY7O,Malibu,Miley Cyrus,0.0577,0.565,231906,0.782,4.16e-05,8,0.0757,-6.413,1,0.0506,140.004,0.4
2017-05-26T17:13:35Z,5YCqzqb6yN6TsMOHb4FSVw,Beautiful Mess,Kristian Kostov,0.419,0.408,180952,0.506,0,0,0.108,-8.24,0,0.0355,125.576,0.213
2017-05-26T10:28:56Z,4C5ewaZ05vyXM23jFJdwd4,Strangers,Halsey,0.01,0.69,221206,0.784,4.08e-05,11,0.22,-4.724,1,0.056,109.969,0.284
2017-05-25T15:22:35Z,03Nor3UpgNjFpsv4rEQSgr,Power,Little Mix,0.0367,0.566,247840,0.855,0.000162,7,0.181,-4.016,1,0.211,172.977,0.513
2017-05-24T21:56:35Z,2MgO4CDphyN0fdaz12lB8r,Si scrive schiavitù si legge libertà,Fedez,0.164,0.514,190907,0.776,0,2,0.265,-7.716,0,0.122,93.667,0.321
2017-05-24T20:07:32Z,6QT53ohGZeLGoYktBPRePD,Apologize (Acoustic Version),Kacey Musgraves,0.752,0.494,151880,0.418,7.69e-06,0,0.0938,-3.656,0,0.0301,132.464,0.256
2017-05-22T18:29:01Z,6wCjFS1rdcR9lNBgl4ba9o,Volare,Fabio Rovazzi,0.00503,0.661,227200,0.891,0,1,0.0786,-2.355,0,0.0686,149.977,0.477
2017-05-22T18:27:04Z,1ATWiuxpIc287Cynakx59C,Senza Pagare VS T-Pain,J-AX,0.0296,0.679,210099,0.625,0,6,0.106,-6.668,1,0.0405,96.035,0.489
2017-05-22T12:45:18Z,7ekFfkahM9it22VRjOtkLS,Było minęło,Zakopower,0.13,0.5,220958,0.711,1.56e-06,9,0.0825,-8.414,0,0.0322,132.02,0.61
2017-05-19T21:44:17Z,3cFsmM51N5zMAuu1nNY4Tw,No Lie,Sean Paul,0.0437,0.741,221176,0.891,0,7,0.256,-2.824,1,0.119,102.002,0.449
2017-05-19T21:34:40Z,4WrS6vezaPwOafKJmHqMEU,You Don't Know Me - Radio Edit,Jax Jones,0.16,0.887,211935,0.669,0,11,0.181,-6.058,0,0.144,123.967,0.661
2017-05-19T18:53:09Z,0kSWxLWJQQ3lRKyRBuGRIy,Paradise,The Rasmus,0.0119,0.639,209972,0.565,0,1,0.288,-9.569,1,0.0249,93.016,0.452
2017-05-19T16:01:00Z,1SJtlNRJDeYHioymcvsqev,Crying in the Club,Camila Cabello,0.334,0.334,216391,0.617,0,6,0.163,-5.834,0,0.383,85.227,0.603
2017-05-19T14:43:52Z,6c12fBpCtuVIq8OFxT0A3S,Lordly (feat. Alex Aiono),Feder,0.078,0.716,196091,0.713,0.0331,8,0.0563,-6.246,1,0.0365,119.988,0.415
2017-05-19T14:37:01Z,23L5CiUhw2jV1OIMwthR3S,In the Name of Love,Martin Garrix,0.109,0.501,195707,0.519,0,4,0.454,-5.88,0,0.0409,133.99,0.168
2017-05-17T08:00:12Z,60GNhaL1mVfGmf8HzhYHPK,Gravita con me,Ermal Meta,7.12e-05,0.585,234080,0.927,0.000442,7,0.0798,-4.286,0,0.0413,123.979,0.68
2017-05-17T07:57:51Z,1YOnmBpwU4zwxYlA0RlQnh,La vita migliore (feat. Vicio),Ermal Meta,0.000522,0.557,206387,0.736,0,11,0.105,-5.274,0,0.0435,121.937,0.283
2017-05-16T18:13:15Z,5A6Zl6t09kzz3J7SAYIcem,Snake Eyes,Mumford & Sons,0.0141,0.365,248547,0.699,0.246,9,0.0915,-7.618,0,0.0523,179.957,0.233
2017-05-16T11:19:06Z,2DVUJ7LTIOEQqjfOZXs8iU,Believe,Mumford & Sons,0.031,0.331,221039,0.68,0.0177,2,0.215,-5.964,1,0.0454,114.909,0.357
2017-05-16T11:19:05Z,14kNvoVsKokmHbe1od1XEj,Wilder Mind,Mumford & Sons,0.116,0.489,278230,0.743,0.177,9,0.121,-8.71,0,0.0438,78.917,0.542
2017-05-15T11:54:30Z,6OfhD98dV1QFunpciIPPKD,Occidentali's Karma - Radio Edit,Francesco Gabbani,0.0428,0.668,217613,0.834,3.23e-06,10,0.104,-3.997,1,0.0758,114.07,0.565
2017-05-14T20:26:21Z,6InetYGAIziQ67Db12XJyH,Volevo dirti,Ermal Meta,3.08e-05,0.54,201800,0.904,0,9,0.101,-3.676,0,0.0397,124.049,0.461
2017-05-14T20:05:11Z,4IXrQEFJZs5Oh6Tu5oIxuW,What Happened Last Night,The Kolors,0.121,0.619,192816,0.767,3.81e-06,8,0.147,-5.684,1,0.0891,103.009,0.715
2017-05-13T22:17:55Z,5DogshhX7OQqGTZvYw7rBi,Never Give up on You,Lucie Jones,0.397,0.41,179948,0.372,0,5,0.325,-8.181,1,0.0419,128.437,0.253
2017-05-13T22:14:29Z,1zSqaa9tqp25ILZ4oZDrsh,Yodel It!,Ilinca,0.00299,0.504,176588,0.874,0,10,0.184,-6.791,1,0.115,173.988,0.787
2017-05-13T22:13:58Z,3kXqUXnukwkpsxhW8emNC0,City Lights,Blanche,0.234,0.607,174577,0.449,7.31e-06,0,0.208,-8.785,0,0.027,129.947,0.142
2017-05-12T19:09:50Z,3bB8EUEbfFiIa6RyaYZeMt,Mercurio,Emis Killa,0.674,0.704,223360,0.537,0,9,0.0984,-5.752,0,0.149,131.979,0.223
2017-05-12T19:03:50Z,2nOoviDQk284lepBFFQv7r,CULT,Emis Killa,0.133,0.774,226547,0.861,0,1,0.105,-4.384,1,0.132,100.005,0.502
2017-05-12T11:35:14Z,5nkvd74YgSExJkWmloI2Fe,Lions,Skip Marley,0.0721,0.6,208173,0.737,0,4,0.173,-4.554,0,0.0383,119.982,0.138
2017-05-11T21:28:04Z,612M2yQHBx5F0dpPHMJziU,A cena dai tuoi (feat. J-Ax),Emis Killa,0.197,0.701,217867,0.908,0,1,0.047,-2.605,0,0.246,115.993,0.717
2017-05-09T18:41:25Z,4ciaNqHWA2IzHphZaVRzHI,Heroes,Måns Zelmerlöw,0.0743,0.484,190613,0.791,0,7,0.0491,-4.27,1,0.0437,124.008,0.369
2017-04-27T19:03:09Z,3RSppwOOTuyZha9Fzy6J1M,Young And Menace,Fall Out Boy,0.0983,0.648,223800,0.833,0.001,11,0.127,-5.116,1,0.0543,108.001,0.32
2017-04-27T18:44:03Z,0RDtSUp5LbwbudPvsy1LjO,Dziewczyna z kebabem,Nocny Kochanek,0.00305,0.579,374800,0.907,0,11,0.0325,-3.842,0,0.0412,130.037,0.244
2017-04-27T18:44:02Z,1gGRqwHMNrPIL360sixslp,Zdrajca metalu,Nocny Kochanek,5.26e-05,0.626,273240,0.979,0.000146,0,0.258,-3.097,0,0.151,120.007,0.485
2017-04-27T16:30:00Z,1gFTqJOkN8KqcYSX0r3Bhx,Zorza,Quebonafide,0.838,0.392,157714,0.595,0,0,0.0674,-9.946,0,0.282,65.93,0.357
2017-04-26T18:37:22Z,310t21IvN7chBMMdN3piAY,Horizontes,Gloria,0.0718,0.481,281333,0.852,0,3,0.0958,-3.707,0,0.0477,119.979,0.236
2017-04-23T11:55:41Z,29tnU0vdSyf19Oy8ltpVCs,Middle Fingers,MISSIO,0.000146,0.517,215189,0.551,3.43e-06,1,0.126,-5.221,1,0.033,139.645,0.0891
2017-04-23T09:11:59Z,7ynCQo1KpBOyTdTdAnjSLZ,Move Your Body - Single Mix,Sia,0.00151,0.664,252080,0.883,0.0926,10,0.072,-3.406,0,0.0353,127.962,0.381
2017-04-21T19:09:47Z,44EyJeUABdqo1UrXiBzi3Z,Wind of hope,Eugenia Vlasova and Andru Donalds,0.0852,0.617,228093,0.924,6.13e-06,5,0.247,-5.31,1,0.0458,105.004,0.491
2017-04-21T15:56:22Z,5hHudNsfZXmdgefWxAX2LG,Hard Times,Paramore,0.00647,0.695,182693,0.818,4.87e-06,5,0.0219,-5.379,0,0.0334,119.965,0.916
2017-04-19T18:56:01Z,0RyvsxeRLp3Kt0TnoCU6an,Marmur,Taco Hemingway,0.417,0.75,309997,0.504,1.07e-05,11,0.529,-11.815,1,0.295,100.035,0.309
2017-04-19T18:47:45Z,5ktc1Wr9vzwvfX2BGMi7iL,Sirene (feat. Malika Ayane),Fedez,0.0823,0.577,205560,0.929,0,7,0.389,-4.852,0,0.0603,141.935,0.326
2017-04-19T16:55:38Z,7rFzBRWVtrZaRdXeJ1G0ab,Bella addormentata nel Bronx,Fedez,0.162,0.433,215600,0.785,0,9,0.0928,-7.333,0,0.0706,173.785,0.242
2017-04-14T18:38:15Z,5W3sNLWeeol3G5K8LuFhoV,Stacja Warszawa,Lady Pank,0.143,0.38,268760,0.876,0.00137,9,0.696,-5.401,0,0.0479,97.064,0.573
2017-04-14T18:27:55Z,50IZcjhBldQZ6QlHWBbGi7,Zostawcie Titanica,Lady Pank,0.000443,0.484,288758,0.792,0.000126,4,0.0927,-7.435,1,0.0331,132.15,0.638
2017-04-14T14:51:38Z,5vuIV0PZWrV6cHDvMJd89o,Wasteland,Against The Current,0.0631,0.614,205493,0.89,0.000863,11,0.214,-4.475,0,0.0454,99.017,0.538
2017-04-09T09:41:11Z,3EmmCZoqpWOTY1g2GBwJoR,Just Hold On,Steve Aoki,0.00383,0.647,198774,0.932,1.5e-06,11,0.0574,-3.515,1,0.0824,114.991,0.374
2017-04-07T21:04:26Z,4fwFP5AWlh3zTZQOdbMlMi,Gravel To Tempo,Hayley Kiyoko,0.0646,0.578,211427,0.844,0.000358,2,0.114,-4.764,0,0.0482,100.05,0.409
2017-04-07T20:15:50Z,5ELRkzdzz0HvGpMDlfZHkV,Sign of the Times,Harry Styles,0.0259,0.518,340707,0.575,0,5,0.109,-4.616,1,0.0302,120.019,0.209
2017-04-02T20:24:33Z,5DwPUOxZmCUUiHr1R4givX,Neony,Miuosh,0.175,0.622,251240,0.639,0.000154,10,0.184,-8.74,0,0.075,114.986,0.135
2017-03-12T20:56:49Z,07I7orzFRkCiH29Bcqo7oK,Fatti bella per te,Paola Turci,0.00824,0.573,212312,0.829,0,0,0.208,-3.954,0,0.0661,116.083,0.435
2017-03-12T20:45:07Z,7eFr29KsapMT1xOwqaCJUW,Tatuami,Claudia Megrè,0.0128,0.616,220437,0.719,0,5,0.162,-4.313,1,0.0266,97.908,0.562
2017-03-12T18:55:10Z,5aO79RThrj934okvwVaRBJ,Nigdy wiecej nie tancz ze mna,Ania Dabrowska,0.817,0.6,177693,0.499,0.000355,0,0.127,-7.14,0,0.0397,185.549,0.663
2017-03-12T18:48:28Z,0mNoh36xohHB9Cw10vMKPj,Warszawa,Kombajn do zbierania kur po wioskach,0.0398,0.589,311253,0.922,0.298,2,0.114,-2.724,1,0.0359,114.892,0.539
2017-03-12T17:03:01Z,7I4zJamsReVjDMmx8GkH5r,Kingdom Come,Demi Lovato,0.0276,0.563,244014,0.809,0,5,0.365,-5.09,0,0.0768,176.029,0.275
2017-03-12T10:39:02Z,0bdeLFRIziXGqXdz5UJDb0,Wszystko Jedno,Taco Hemingway,0.226,0.538,310152,0.386,0,6,0.119,-14.142,0,0.426,107.756,0.381
2017-03-10T21:40:53Z,3aqhtsgu4ixQI4MHSgmsxl,House Practice,Dial In,0.93,0.52,324955,0.308,0.00362,8,0.107,-10.535,0,0.0306,114.924,0.0804
2017-03-09T10:00:59Z,2D4BSm5Z8Hq5zYbSgJwEOh,She Used To Be Mine,Sara Bareilles,0.381,0.397,250267,0.303,0,5,0.101,-7.508,1,0.0435,81.05,0.172
2017-03-07T08:57:53Z,7EsSVPxaYoAZjQwhspJBs2,"Who Lives, Who Dies, Who Tells Your Story",Original Broadway Cast of Hamilton,0.779,0.354,217229,0.326,0,2,0.0904,-9.68,1,0.0901,75.498,0.156
2017-03-05T18:32:13Z,3FiE2d325mIOc4YjkSLVJR,Everyday,Ariana Grande,0.0192,0.635,194840,0.738,0,7,0.15,-4.424,0,0.0519,130.971,0.428
2017-03-04T22:17:44Z,0DRKnh0BloxJHyhXkfbiX8,Assenzio,J-AX,0.341,0.554,250533,0.64,0,0,0.108,-7.587,1,0.187,160.009,0.641
2017-03-04T22:17:44Z,3vwMR5v6L7s1OCGM8l2ma4,Il giorno e la notte,J-AX,0.00831,0.577,211200,0.782,0,1,0.144,-8.532,1,0.105,158.144,0.61
2017-03-04T22:17:44Z,74qB1id5BINlibg3RGI3FY,Fratelli di paglia,J-AX,0.217,0.687,214733,0.651,0,7,0.133,-6.777,1,0.148,112.746,0.281
2017-03-04T22:17:44Z,3SGYnEhg1vUHVlGnGdS6ed,Vorrei ma non posto,J-AX,0.0525,0.7,225867,0.733,0,9,0.118,-5.88,1,0.0515,96.05,0.718
2017-03-04T22:17:44Z,686iksai18114vi3rvghRC,Musica del cazzo,J-AX,0.00274,0.47,214627,0.923,0,9,0.102,-5.208,1,0.145,199.784,0.836
2017-03-04T22:17:44Z,0wT8y0PDt13GngVq1uGXbY,Anni luce,J-AX,0.0121,0.382,197533,0.675,0,4,0.141,-7.212,0,0.0655,139.109,0.189
2017-03-04T22:14:59Z,5IcOtm7SKl3gZYsc0rKhG6,Senza pagare,J-AX,0.0237,0.64,196453,0.683,0,6,0.0912,-5.826,1,0.0478,96.108,0.417
2017-03-03T19:15:52Z,0afhq8XCExXpqazXczTSve,Galway Girl,Ed Sheeran,0.0735,0.624,170827,0.876,0,9,0.327,-3.374,1,0.1,99.943,0.781
2017-03-03T19:07:02Z,7oolFzHipTMg2nL7shhdz2,Eraser,Ed Sheeran,0.086,0.64,227427,0.812,0,8,0.0509,-5.647,0,0.0834,86.013,0.914
2017-03-03T17:17:16Z,5ZnJsoJGkQ5K15W7Rcr5JO,No More Sad Songs,Little Mix,0.0771,0.709,225253,0.782,4.71e-06,7,0.302,-3.526,0,0.0469,102.032,0.728
2017-02-24T20:45:55Z,5klQSk2bLb0U3vnvGJUZf4,L'essenziale,Marco Mengoni,0.196,0.556,218893,0.632,0,6,0.114,-4.438,1,0.0359,126.03,0.152
2017-02-22T16:03:46Z,2KfC6tJ8uVW1iY0wIHJttE,Dead End in Tokyo,MAN WITH A MISSION,0.00104,0.567,218800,0.931,1.56e-06,7,0.342,-5.057,1,0.061,109.932,0.327
2017-02-22T16:01:04Z,7JS0ThcIwNkWC5iBl2nNIB,Truth or Dare,Colours of Bubbles,0.000305,0.51,237825,0.847,0.00042,9,0.333,-4.906,0,0.0347,130.087,0.331
2017-02-19T15:22:17Z,1CX08pnMnbTTNkHF8Cjuu8,Piccole cose,J-AX,0.0585,0.603,215880,0.729,0,8,0.0767,-5.148,1,0.15,87.803,0.382
2017-02-19T15:18:32Z,3RokoLDR9CAiaXZX9dtJe0,Vorrei ma non posto,J-AX,0.0482,0.698,227599,0.72,0,9,0.0848,-5.95,1,0.0494,96.05,0.741
2017-02-18T16:42:03Z,1LkmTm9NrNikagYZU9fajd,Assenzio,J-AX,0.387,0.56,248750,0.649,0,0,0.218,-7.607,1,0.175,160.054,0.623
2017-02-18T11:58:46Z,0VvwmisQKlu1zqmANZTrDb,Hell.o,Lenny,0.0168,0.55,169347,0.791,0.0409,6,0.55,-6.904,1,0.028,119.994,0.637
2017-02-17T21:24:48Z,32bqxZEJRJObeNyc8bEiPt,Heavy (feat. Kiiara),Linkin Park,0.0484,0.59,169801,0.671,0,9,0.0604,-6.098,1,0.0706,149.982,0.438
2017-02-15T18:21:55Z,1lzRxwbdl86iJlYMz48KoD,J'ai cherché,Amir,0.0263,0.567,212280,0.875,0,1,0.17,-4.818,1,0.0444,120.058,0.489
2017-02-15T18:05:59Z,4UPyr3Tep8idtAmisAu1qs,Occidentali's Karma - Radio Edit,Francesco Gabbani,0.0424,0.669,217625,0.832,3.89e-06,10,0.111,-4.014,1,0.075,114.046,0.582
2017-02-13T19:34:25Z,3l9Praup0rnVF0vDCStsh1,Amen,Noemi,0.238,0.426,234133,0.701,0,2,0.108,-5.569,0,0.0326,86.367,0.199
2017-02-13T19:31:34Z,2vAzyP21f777MdZNcyt6yt,L'amore eternit (feat. Noemi),Fedez,0.0182,0.316,258880,0.707,0,9,0.0571,-6.876,0,0.094,77.323,0.396
2017-02-13T19:12:54Z,681fNvwhF5pF9sYiiOycPp,Vietato morire,Ermal Meta,0.0187,0.531,211907,0.909,0,0,0.273,-3.776,1,0.048,97.987,0.608
2017-02-13T19:03:43Z,2FSEIUUQCopkIyBKps8A0E,Andiamo A Comandare,Fabio Rovazzi,0.242,0.734,179513,0.779,0,7,0.0873,-2.888,1,0.185,127.954,0.517
2017-02-13T19:03:42Z,5lyTvBqxtjyPray48fCWgj,Tutto Molto Interessante,Fabio Rovazzi,0.0232,0.796,175312,0.745,3.65e-06,4,0.309,-4.906,0,0.0316,128.053,0.472
2017-02-11T12:21:19Z,7xE4vKvjqUTtHyJ9zi0k1q,"Someone In The Crowd - From ""La La Land"" Soundtrack",Emma Stone,0.0915,0.618,259613,0.542,1.18e-05,0,0.223,-9.155,0,0.193,127.91,0.273
2017-02-11T07:14:24Z,3YfiGjwBzBsDrYPqAJsD4z,Kiss from a Rose - Acoustic Version,Seal,0.743,0.659,324067,0.407,0,4,0.0784,-9.718,0,0.0353,119.321,0.269
2017-02-10T19:12:06Z,24XJsAy1buT286G5wqkYHU,Younger Dreams,Our Last Night,0.00121,0.408,215210,0.812,0,7,0.0962,-4.334,0,0.0465,155.18,0.138
2017-02-08T17:43:17Z,6z2Uznfr6TeWUpZ60HhZvp,"Cisza, Ja i Czas feat. Xxanaxx (Live)",Rysy,0.0248,0.735,225133,0.717,0.00609,11,0.794,-7.041,0,0.0379,119.932,0.381
2017-02-08T17:32:30Z,7pNcr9eUfTsersrZve31dm,Nic Nie Może Przecież Wiecznie Trwać feat. Dawid Podsiadło (Live),Męskie Granie Orkiestra 2016,0.0264,0.233,398627,0.576,5.55e-05,7,0.7,-7.197,0,0.0333,142.948,0.0634
2017-02-07T19:20:43Z,3gGHAScxUDsJqcAM6ZvjuH,Start A Fire,John Legend,0.0834,0.543,192093,0.848,0,10,0.799,-6.058,0,0.0531,102.009,0.29
2017-02-05T13:59:33Z,63nVsCAdxu9OdeRhe58wiE,Broken Wings,Mr. Mister,0.115,0.286,345840,0.473,4.23e-05,1,0.071,-15.646,0,0.0388,99.233,0.449
2017-01-26T19:35:14Z,3YKptz29AsOlm7WAVnztBh,Kiss from a Rose,Seal,0.684,0.583,288427,0.532,0,10,0.306,-7.11,0,0.0309,131.741,0.223
2017-01-26T16:52:05Z,4ucXHA9unoCeuSTShNTGGZ,Set It All Free,Scarlett Johansson,7.28e-06,0.477,214547,0.872,0.00378,6,0.111,-4.475,1,0.167,134.138,0.489
2017-01-26T16:47:23Z,6vn8dvUpDC4YeaAh3BI25r,I'm Still Standing,Taron Egerton,0.00614,0.595,187853,0.9,0,10,0.0684,-4.331,0,0.163,175.248,0.706
2017-01-24T20:17:15Z,3gAiCyVsbqVW8ZTlqjG37r,Us & Ourselves,Morning Parade,0.000389,0.442,225933,0.718,0.000297,1,0.329,-7.438,1,0.0377,140.972,0.173
2017-01-24T20:03:53Z,5cY8y2XgOfkAh4kSWLFKkz,I Write Sins Not Tragedies,Panic! At The Disco,0.0737,0.566,185587,0.815,0,9,0.12,-4.481,0,0.14,169.961,0.672
2017-01-24T19:11:37Z,7b7nYBLUJXyD9B6jU1XMtO,Domek w górach,Zeus,0.225,0.767,244360,0.727,0,1,0.0943,-8.388,0,0.0805,114.009,0.392
2017-01-22T19:24:08Z,0DVLDwaXQbjjmZwJRUKuLg,Partizan Hope,Taro Umebayashi,0.0217,0.449,222480,0.547,0.958,1,0.124,-10.294,1,0.0264,147.936,0.323
2017-01-22T19:22:23Z,5WPwdBH0BT9Og6UXI84ULd,Theme of King JJ,Taro Umebayashi,0.456,0.501,222067,0.629,0,11,0.244,-6.759,1,0.0292,133.115,0.271
2017-01-22T18:45:18Z,5CKkZUAXjuSkLw9j0bJmJx,"Terra Incognita - 映画""王様とスケーター2""より",Taku Matsushiba,0.625,0.559,221093,0.802,0.0934,9,0.143,-7.132,1,0.0424,114.981,0.578
2017-01-22T18:45:17Z,4y1althCKOLRstp7nv8kIa,"Shall We Skate? - 映画 ""王様とスケーター""より",Taku Matsushiba,0.021,0.565,135360,0.65,0,1,0.35,-8.309,1,0.0696,153.831,0.695
2017-01-22T18:17:14Z,5Xbx9mAWoTiLbMOMQofoE6,"Dance, Dance",Fall Out Boy,0.00485,0.621,180267,0.957,0,11,0.0863,-3.176,0,0.131,114.471,0.517
2017-01-22T18:13:52Z,2GD8Ia7rtJzfgTIy20TaRI,"This Ain't A Scene, It's An Arms Race",Fall Out Boy,0.000747,0.435,212040,0.887,0,9,0.0327,-4.07,1,0.0636,199.935,0.408
2017-01-22T18:06:48Z,18GC3F8YPGB8CePXcTUizQ,Thnks fr th Mmrs,Fall Out Boy,0.00511,0.459,203507,0.891,0,10,0.106,-5.057,0,0.0623,154.837,0.588
2017-01-22T18:02:30Z,7nZGbjwTis0dJGaupJo1Pb,I Don't Care,Fall Out Boy,0.00171,0.55,214493,0.938,2.18e-05,11,0.555,-3.556,0,0.0522,133.99,0.433
2017-01-22T10:49:33Z,34Jeq8ktRzyOW1uw40InVy,Uma Thurman,Fall Out Boy,0.113,0.624,211573,0.953,0.000128,4,0.657,-2.602,0,0.104,149.992,0.729
2017-01-22T10:27:52Z,4GylZDT7adqIfVoPHyFb5X,Speeding Cars,Walking On Cars,0.213,0.505,242093,0.741,8.26e-06,8,0.0787,-6.316,1,0.0354,91.025,0.239
2017-01-21T14:03:07Z,287WMBzNH07aqKx9dCi5lg,I'm A Weirdo,The Lonely Island,0.0199,0.878,111373,0.66,0,8,0.14,-7.81,1,0.34,98.963,0.405
2017-01-21T13:48:28Z,16NeN82ABDPjUvgEEGVaSQ,Last Orders,Nothing But Thieves,0.265,0.259,238693,0.613,0.00896,11,0.111,-8.347,0,0.16,80.061,0.223
2017-01-13T19:14:50Z,1DvqZIBqI0A5iElSDwM83Q,Spring Break Anthem,The Lonely Island,0.0447,0.67,133600,0.945,0,8,0.651,-3.712,1,0.239,76.051,0.511
2017-01-12T16:40:10Z,5K88aW0YcTXmmn4ooXzqyz,Deszcz Na Betonie,Taco Hemingway,0.0221,0.768,248911,0.587,2.04e-06,1,0.0931,-9.428,0,0.0615,93.016,0.722
2017-01-11T17:51:24Z,3TgwB0fQ3QajJV7DLwBhYv,Other People,LP,0.0651,0.496,244892,0.656,0,4,0.232,-6.416,1,0.0306,91.011,0.555
2017-01-11T13:21:13Z,57yL3161hUMuw06zzzUCHi,Doubt,Twenty One Pilots,0.121,0.719,191493,0.645,0.00316,2,0.362,-6.141,0,0.0358,123.02,0.69
2017-01-10T19:23:03Z,2Ff1GIulzlbOYsOrNB2SSR,Live Like Legends,Ruelle,0.118,0.465,223526,0.686,0.00218,7,0.0802,-5.429,0,0.0314,79.017,0.318
2017-01-10T19:23:01Z,0XVQTr58DZbLUcjacnTp8k,Madness,Ruelle,0.273,0.509,211140,0.661,4.89e-05,8,0.076,-4.334,0,0.0433,142.889,0.421
2017-01-10T19:18:40Z,6VZ7N7Q2C5YEwLh4EhIWf8,All the King's Horses,Karmina,0.462,0.372,250000,0.582,0.0118,7,0.127,-7.243,0,0.0553,126.166,0.0955
2017-01-07T21:12:43Z,5TJldOVqUsiee1gfs6Cbtp,Still Alive,Taro Umebayashi,0.149,0.659,130253,0.607,0,11,0.128,-9.984,1,0.126,87.965,0.342
2017-01-07T21:12:43Z,0JcfovILnc3U5Kxn0AvqpQ,Intoxicated,Taro Umebayashi,0.0185,0.587,129280,0.589,0.0612,11,0.0907,-10.866,0,0.041,138.104,0.503
2017-01-07T19:56:05Z,2SEoJtpc7QcUWRtMzwIeqy,London Rain,Neon Jungle,0.102,0.539,203733,0.741,0,10,0.13,-6.158,0,0.0689,91.998,0.377
2017-01-07T19:02:40Z,0XUvhSzizkEtPgBr1BZ2an,Braveheart,Neon Jungle,0.189,0.703,224200,0.73,1.48e-05,5,0.211,-3.595,0,0.106,128.017,0.589
2017-01-07T12:03:42Z,0lxjxDUL1MeizLWOu0KcdU,Biegnij Dalej Sam,Fisz Emade Tworzywo,0.0976,0.679,246224,0.565,0,7,0.0791,-5.465,0,0.0304,86.014,0.521
2017-01-07T12:03:40Z,1Ao6CJVxgoFnXUn4o0jBuz,Ślady,Fisz Emade Tworzywo,0.71,0.698,340040,0.459,0.000161,11,0.125,-8.288,0,0.0308,91.002,0.517
2017-01-04T13:17:37Z,7LR87BxVS5GawUHQFJdko5,Don't Stop The Music,Jamie Cullum,0.0977,0.572,288707,0.456,0,9,0.103,-8.098,0,0.0329,103.13,0.432
2017-01-03T14:27:55Z,0SuG9kyzGRpDqrCWtgD6Lq,Give Me Love,Ed Sheeran,0.694,0.526,526387,0.328,0,1,0.112,-9.864,1,0.0461,116.068,0.11
2017-01-03T14:27:04Z,1KfiDJsihzVyUD4stARCEL,Stealing Cars,James Bay,0.85,0.433,223320,0.241,4.01e-06,6,0.0889,-10.918,1,0.03,88.114,0.357
2017-01-03T13:49:10Z,08pOoVfZ8BsLCfXxRsci2Y,Better Love,Foxes,0.0334,0.55,215213,0.905,0,2,0.119,-4.72,0,0.0597,123.966,0.443
2017-01-03T13:49:02Z,53dn4wakIZ7FwlYD18qP9b,"Better Love - From ""The Legend Of Tarzan"" Original Motion Picture Soundtrack / Single Version",Hozier,0.0231,0.434,193227,0.804,6e-06,9,0.0661,-3.343,0,0.0552,126.601,0.427
2017-01-01T20:50:02Z,3CbIajYR2tj1dglcmLzsqC,Los Cebula I Krokodyle Łzy,Coma,0.00744,0.63,313760,0.667,0.00172,5,0.101,-6.41,1,0.024,106.03,0.399
2017-01-01T20:37:12Z,6dRJJMO9URXnTJaz401b4Q,Zurawie Origami,Mela Koteluk,0.48,0.509,218200,0.712,1.91e-05,7,0.356,-5.912,1,0.0279,200.065,0.642
2017-01-01T20:35:38Z,6ARQYuejfkqO1DOcMRdga5,Melodia Ulotna,Mela Koteluk,0.467,0.521,245227,0.906,0.00029,6,0.186,-3.96,0,0.0567,152.035,0.673
2017-01-01T20:13:21Z,0sjSgTluUJIdqfyRe4EQ4U,L'amore esiste,Francesca Michielin,0.011,0.331,212680,0.753,0.00175,7,0.117,-3.797,1,0.0494,115.708,0.266
2017-01-01T20:13:05Z,6bBTzGx5EQ73EIF9ZrtEMX,Io ti aspetto,Marco Mengoni,0.031,0.623,227293,0.849,0,0,0.187,-3.249,1,0.0317,124.977,0.271
2017-01-01T15:02:45Z,2llx3CvY7U3zonIRUxjVnm,Avengers,Quebonafide feat. Eripe,0.122,0.486,205680,0.613,0,6,0.139,-12.603,1,0.177,93.843,0.552
2017-01-01T14:53:10Z,0b7b3OR4cKHo08rdpLHofM,Guren No Yumiya,Linked Horizon,0.0689,0.325,316933,0.99,4.3e-06,1,0.585,-3.884,0,0.248,180.677,0.0841
2017-01-01T14:51:26Z,5mkDhEgfk9Go57yCYEHHDA,Taking Off,ONE OK ROCK,0.00113,0.579,216603,0.872,0,1,0.0928,-3.275,0,0.0472,112.029,0.414
2017-01-01T14:51:25Z,7343zQkBA4iArdGwQe7Fsg,I Was King,ONE OK ROCK,0.000247,0.571,238827,0.875,5.47e-06,6,0.106,-3.279,1,0.039,92.505,0.447
2017-01-01T14:50:42Z,7bCQjrEH2zcKqqiGm35GQW,You Only Live Once,YURI!!! on ICE,0.116,0.513,225373,0.847,0.0173,2,0.139,-7.091,1,0.0442,125.966,0.491
2017-01-01T14:44:43Z,2ikSI08Kw4pmVEU7jbtuZ8,Żadnych zmartwień,Quebonafide,0.614,0.315,307627,0.47,0,5,0.169,-9.53,0,0.131,83.593,0.143
2017-01-01T14:44:31Z,4Ma6BKjPSCS0rGzjdLqObi,6 Zer,Taco Hemingway,0.911,0.751,236225,0.485,5.87e-05,10,0.352,-10.195,0,0.321,91.988,0.384
2017-01-01T14:44:27Z,03HsZP3FKOd0qWlRU01MxT,Wosk,Taco Hemingway,0.171,0.641,233726,0.507,0,10,0.461,-12.01,0,0.481,190.083,0.503
2017-01-01T14:44:26Z,01RPWFuOBe5SBU1cmpW9k2,Koła,Taco Hemingway,0.44,0.774,240560,0.443,1.52e-06,1,0.311,-10.788,0,0.283,96.035,0.323
2017-01-01T14:44:25Z,5IVMsOL5w6wd9Hcv6fjnFZ,515,Taco Hemingway,0.297,0.854,192132,0.273,0,8,0.156,-10.173,1,0.454,96.987,0.472
2017-01-01T14:44:17Z,3D0E9oVbTGMmo3SSAAvXdj,Następna stacja,Taco Hemingway,0.584,0.728,250854,0.599,0,11,0.0766,-8.128,0,0.216,91.001,0.875
2017-01-01T14:44:16Z,4bHksfxtzbc8De3rAYEOT4,Żyrandol,Taco Hemingway,0.24,0.755,230987,0.584,0,11,0.532,-9.987,1,0.336,80.094,0.657
